username,weekday_number,hour,day_part,is_weekend,plays_count,plays_share_user,weekday,weekend
Babs_05,0,0,Ночь,False,26,0.000772,Понедельник,Будни
Babs_05,0,1,Ночь,False,43,0.001276,Понедельник,Будни
Babs_05,0,2,Ночь,False,17,0.000505,Понедельник,Будни
Babs_05,0,3,Ночь,False,9,0.000267,Понедельник,Будни
Babs_05,0,4,Ночь,False,1,3e-05,Понедельник,Будни
Babs_05,0,5,Ночь,False,4,0.000119,Понедельник,Будни
Babs_05,0,6,Утро,False,7,0.000208,Понедельник,Будни
Babs_05,0,7,Утро,False,20,0.000594,Понедельник,Будни
Babs_05,0,8,Утро,False,11,0.000326,Понедельник,Будни
Babs_05,0,9,Утро,False,20,0.000594,Понедельник,Будни
Babs_05,0,10,Утро,False,35,0.001039,Понедельник,Будни
Babs_05,0,11,Утро,False,65,0.001929,Понедельник,Будни
Babs_05,0,12,День,False,37,0.001098,Понедельник,Будни
Babs_05,0,13,День,False,71,0.002107,Понедельник,Будни
Babs_05,0,14,День,False,61,0.00181,Понедельник,Будни
Babs_05,0,15,День,False,51,0.001514,Понедельник,Будни
Babs_05,0,16,День,False,42,0.001246,Понедельник,Будни
Babs_05,0,17,День,False,74,0.002196,Понедельник,Будни
Babs_05,0,18,Вечер,False,64,0.001899,Понедельник,Будни
Babs_05,0,19,Вечер,False,43,0.001276,Понедельник,Будни
Babs_05,0,20,Вечер,False,23,0.000683,Понедельник,Будни
Babs_05,0,21,Вечер,False,51,0.001514,Понедельник,Будни
Babs_05,0,22,Вечер,False,35,0.001039,Понедельник,Будни
Babs_05,0,23,Вечер,False,25,0.000742,Понедельник,Будни
Babs_05,1,0,Ночь,False,53,0.001573,Вторник,Будни
Babs_05,1,1,Ночь,False,41,0.001217,Вторник,Будни
Babs_05,1,2,Ночь,False,48,0.001425,Вторник,Будни
Babs_05,1,3,Ночь,False,47,0.001395,Вторник,Будни
Babs_05,1,4,Ночь,False,29,0.000861,Вторник,Будни
Babs_05,1,5,Ночь,False,33,0.000979,Вторник,Будни
Babs_05,1,6,Утро,False,12,0.000356,Вторник,Будни
Babs_05,1,7,Утро,False,31,0.00092,Вторник,Будни
Babs_05,1,8,Утро,False,27,0.000801,Вторник,Будни
Babs_05,1,9,Утро,False,28,0.000831,Вторник,Будни
Babs_05,1,10,Утро,False,56,0.001662,Вторник,Будни
Babs_05,1,11,Утро,False,87,0.002582,Вторник,Будни
Babs_05,1,12,День,False,104,0.003087,Вторник,Будни
Babs_05,1,13,День,False,57,0.001692,Вторник,Будни
Babs_05,1,14,День,False,68,0.002018,Вторник,Будни
Babs_05,1,15,День,False,105,0.003116,Вторник,Будни
Babs_05,1,16,День,False,74,0.002196,Вторник,Будни
Babs_05,1,17,День,False,73,0.002166,Вторник,Будни
Babs_05,1,18,Вечер,False,129,0.003828,Вторник,Будни
Babs_05,1,19,Вечер,False,98,0.002908,Вторник,Будни
Babs_05,1,20,Вечер,False,13,0.000386,Вторник,Будни
Babs_05,1,21,Вечер,False,14,0.000415,Вторник,Будни
Babs_05,1,22,Вечер,False,31,0.00092,Вторник,Будни
Babs_05,1,23,Вечер,False,15,0.000445,Вторник,Будни
Babs_05,2,0,Ночь,False,51,0.001514,Среда,Будни
Babs_05,2,1,Ночь,False,64,0.001899,Среда,Будни
Babs_05,2,2,Ночь,False,64,0.001899,Среда,Будни
Babs_05,2,3,Ночь,False,47,0.001395,Среда,Будни
Babs_05,2,4,Ночь,False,29,0.000861,Среда,Будни
Babs_05,2,5,Ночь,False,24,0.000712,Среда,Будни
Babs_05,2,6,Утро,False,11,0.000326,Среда,Будни
Babs_05,2,7,Утро,False,38,0.001128,Среда,Будни
Babs_05,2,8,Утро,False,62,0.00184,Среда,Будни
Babs_05,2,9,Утро,False,55,0.001632,Среда,Будни
Babs_05,2,10,Утро,False,106,0.003146,Среда,Будни
Babs_05,2,11,Утро,False,119,0.003532,Среда,Будни
Babs_05,2,12,День,False,97,0.002879,Среда,Будни
Babs_05,2,13,День,False,121,0.003591,Среда,Будни
Babs_05,2,14,День,False,81,0.002404,Среда,Будни
Babs_05,2,15,День,False,78,0.002315,Среда,Будни
Babs_05,2,16,День,False,95,0.002819,Среда,Будни
Babs_05,2,17,День,False,54,0.001603,Среда,Будни
Babs_05,2,18,Вечер,False,45,0.001336,Среда,Будни
Babs_05,2,19,Вечер,False,58,0.001721,Среда,Будни
Babs_05,2,20,Вечер,False,88,0.002612,Среда,Будни
Babs_05,2,21,Вечер,False,41,0.001217,Среда,Будни
Babs_05,2,22,Вечер,False,71,0.002107,Среда,Будни
Babs_05,2,23,Вечер,False,131,0.003888,Среда,Будни
Babs_05,3,0,Ночь,False,69,0.002048,Четверг,Будни
Babs_05,3,1,Ночь,False,44,0.001306,Четверг,Будни
Babs_05,3,2,Ночь,False,33,0.000979,Четверг,Будни
Babs_05,3,3,Ночь,False,37,0.001098,Четверг,Будни
Babs_05,3,4,Ночь,False,17,0.000505,Четверг,Будни
Babs_05,3,5,Ночь,False,18,0.000534,Четверг,Будни
Babs_05,3,6,Утро,False,34,0.001009,Четверг,Будни
Babs_05,3,7,Утро,False,57,0.001692,Четверг,Будни
Babs_05,3,8,Утро,False,69,0.002048,Четверг,Будни
Babs_05,3,9,Утро,False,41,0.001217,Четверг,Будни
Babs_05,3,10,Утро,False,80,0.002374,Четверг,Будни
Babs_05,3,11,Утро,False,65,0.001929,Четверг,Будни
Babs_05,3,12,День,False,85,0.002523,Четверг,Будни
Babs_05,3,13,День,False,166,0.004927,Четверг,Будни
Babs_05,3,14,День,False,174,0.005164,Четверг,Будни
Babs_05,3,15,День,False,116,0.003443,Четверг,Будни
Babs_05,3,16,День,False,167,0.004956,Четверг,Будни
Babs_05,3,17,День,False,147,0.004363,Четверг,Будни
Babs_05,3,18,Вечер,False,134,0.003977,Четверг,Будни
Babs_05,3,19,Вечер,False,84,0.002493,Четверг,Будни
Babs_05,3,20,Вечер,False,95,0.002819,Четверг,Будни
Babs_05,3,21,Вечер,False,131,0.003888,Четверг,Будни
Babs_05,3,22,Вечер,False,113,0.003354,Четверг,Будни
Babs_05,3,23,Вечер,False,128,0.003799,Четверг,Будни
Babs_05,4,0,Ночь,False,93,0.00276,Пятница,Будни
Babs_05,4,1,Ночь,False,57,0.001692,Пятница,Будни
Babs_05,4,2,Ночь,False,84,0.002493,Пятница,Будни
Babs_05,4,3,Ночь,False,78,0.002315,Пятница,Будни
Babs_05,4,4,Ночь,False,55,0.001632,Пятница,Будни
Babs_05,4,5,Ночь,False,56,0.001662,Пятница,Будни
Babs_05,4,6,Утро,False,119,0.003532,Пятница,Будни
Babs_05,4,7,Утро,False,94,0.00279,Пятница,Будни
Babs_05,4,8,Утро,False,91,0.002701,Пятница,Будни
Babs_05,4,9,Утро,False,108,0.003205,Пятница,Будни
Babs_05,4,10,Утро,False,182,0.005401,Пятница,Будни
Babs_05,4,11,Утро,False,175,0.005194,Пятница,Будни
Babs_05,4,12,День,False,200,0.005936,Пятница,Будни
Babs_05,4,13,День,False,247,0.00733,Пятница,Будни
Babs_05,4,14,День,False,296,0.008785,Пятница,Будни
Babs_05,4,15,День,False,295,0.008755,Пятница,Будни
Babs_05,4,16,День,False,254,0.007538,Пятница,Будни
Babs_05,4,17,День,False,245,0.007271,Пятница,Будни
Babs_05,4,18,Вечер,False,267,0.007924,Пятница,Будни
Babs_05,4,19,Вечер,False,289,0.008577,Пятница,Будни
Babs_05,4,20,Вечер,False,298,0.008844,Пятница,Будни
Babs_05,4,21,Вечер,False,269,0.007983,Пятница,Будни
Babs_05,4,22,Вечер,False,261,0.007746,Пятница,Будни
Babs_05,4,23,Вечер,False,284,0.008429,Пятница,Будни
Babs_05,5,0,Ночь,True,185,0.00549,Суббота,Выходные
Babs_05,5,1,Ночь,True,182,0.005401,Суббота,Выходные
Babs_05,5,2,Ночь,True,198,0.005876,Суббота,Выходные
Babs_05,5,3,Ночь,True,175,0.005194,Суббота,Выходные
Babs_05,5,4,Ночь,True,179,0.005312,Суббота,Выходные
Babs_05,5,5,Ночь,True,148,0.004392,Суббота,Выходные
Babs_05,5,6,Утро,True,83,0.002463,Суббота,Выходные
Babs_05,5,7,Утро,True,72,0.002137,Суббота,Выходные
Babs_05,5,8,Утро,True,108,0.003205,Суббота,Выходные
Babs_05,5,9,Утро,True,184,0.005461,Суббота,Выходные
Babs_05,5,10,Утро,True,283,0.008399,Суббота,Выходные
Babs_05,5,11,Утро,True,385,0.011426,Суббота,Выходные
Babs_05,5,12,День,True,365,0.010832,Суббота,Выходные
Babs_05,5,13,День,True,343,0.01018,Суббота,Выходные
Babs_05,5,14,День,True,262,0.007776,Суббота,Выходные
Babs_05,5,15,День,True,327,0.009705,Суббота,Выходные
Babs_05,5,16,День,True,319,0.009467,Суббота,Выходные
Babs_05,5,17,День,True,406,0.012049,Суббота,Выходные
Babs_05,5,18,Вечер,True,442,0.013118,Суббота,Выходные
Babs_05,5,19,Вечер,True,443,0.013147,Суббота,Выходные
Babs_05,5,20,Вечер,True,331,0.009823,Суббота,Выходные
Babs_05,5,21,Вечер,True,331,0.009823,Суббота,Выходные
Babs_05,5,22,Вечер,True,415,0.012316,Суббота,Выходные
Babs_05,5,23,Вечер,True,436,0.01294,Суббота,Выходные
Babs_05,6,0,Ночь,True,457,0.013563,Воскресенье,Выходные
Babs_05,6,1,Ночь,True,274,0.008132,Воскресенье,Выходные
Babs_05,6,2,Ночь,True,292,0.008666,Воскресенье,Выходные
Babs_05,6,3,Ночь,True,230,0.006826,Воскресенье,Выходные
Babs_05,6,4,Ночь,True,320,0.009497,Воскресенье,Выходные
Babs_05,6,5,Ночь,True,307,0.009111,Воскресенье,Выходные
Babs_05,6,6,Утро,True,293,0.008696,Воскресенье,Выходные
Babs_05,6,7,Утро,True,284,0.008429,Воскресенье,Выходные
Babs_05,6,8,Утро,True,353,0.010476,Воскресенье,Выходные
Babs_05,6,9,Утро,True,267,0.007924,Воскресенье,Выходные
Babs_05,6,10,Утро,True,459,0.013622,Воскресенье,Выходные
Babs_05,6,11,Утро,True,630,0.018697,Воскресенье,Выходные
Babs_05,6,12,День,True,601,0.017836,Воскресенье,Выходные
Babs_05,6,13,День,True,671,0.019914,Воскресенье,Выходные
Babs_05,6,14,День,True,721,0.021398,Воскресенье,Выходные
Babs_05,6,15,День,True,808,0.02398,Воскресенье,Выходные
Babs_05,6,16,День,True,1120,0.033239,Воскресенье,Выходные
Babs_05,6,17,День,True,1102,0.032705,Воскресенье,Выходные
Babs_05,6,18,Вечер,True,1258,0.037335,Воскресенье,Выходные
Babs_05,6,19,Вечер,True,1182,0.035079,Воскресенье,Выходные
Babs_05,6,20,Вечер,True,1269,0.037661,Воскресенье,Выходные
Babs_05,6,21,Вечер,True,1353,0.040154,Воскресенье,Выходные
Babs_05,6,22,Вечер,True,1336,0.03965,Воскресенье,Выходные
Babs_05,6,23,Вечер,True,1267,0.037602,Воскресенье,Выходные
Knapster01,0,0,Ночь,False,12,0.000444,Понедельник,Будни
Knapster01,0,1,Ночь,False,16,0.000592,Понедельник,Будни
Knapster01,0,2,Ночь,False,38,0.001407,Понедельник,Будни
Knapster01,0,3,Ночь,False,29,0.001073,Понедельник,Будни
Knapster01,0,4,Ночь,False,10,0.00037,Понедельник,Будни
Knapster01,0,5,Ночь,False,5,0.000185,Понедельник,Будни
Knapster01,0,6,Утро,False,12,0.000444,Понедельник,Будни
Knapster01,0,7,Утро,False,9,0.000333,Понедельник,Будни
Knapster01,0,8,Утро,False,14,0.000518,Понедельник,Будни
Knapster01,0,9,Утро,False,22,0.000814,Понедельник,Будни
Knapster01,0,10,Утро,False,20,0.00074,Понедельник,Будни
Knapster01,0,11,Утро,False,59,0.002184,Понедельник,Будни
Knapster01,0,12,День,False,25,0.000925,Понедельник,Будни
Knapster01,0,13,День,False,42,0.001555,Понедельник,Будни
Knapster01,0,14,День,False,58,0.002147,Понедельник,Будни
Knapster01,0,15,День,False,43,0.001592,Понедельник,Будни
Knapster01,0,16,День,False,39,0.001444,Понедельник,Будни
Knapster01,0,17,День,False,39,0.001444,Понедельник,Будни
Knapster01,0,18,Вечер,False,33,0.001222,Понедельник,Будни
Knapster01,0,19,Вечер,False,44,0.001629,Понедельник,Будни
Knapster01,0,20,Вечер,False,57,0.00211,Понедельник,Будни
Knapster01,0,21,Вечер,False,54,0.001999,Понедельник,Будни
Knapster01,0,22,Вечер,False,38,0.001407,Понедельник,Будни
Knapster01,0,23,Вечер,False,21,0.000777,Понедельник,Будни
Knapster01,1,0,Ночь,False,57,0.00211,Вторник,Будни
Knapster01,1,1,Ночь,False,45,0.001666,Вторник,Будни
Knapster01,1,2,Ночь,False,21,0.000777,Вторник,Будни
Knapster01,1,3,Ночь,False,26,0.000962,Вторник,Будни
Knapster01,1,4,Ночь,False,40,0.001481,Вторник,Будни
Knapster01,1,5,Ночь,False,22,0.000814,Вторник,Будни
Knapster01,1,6,Утро,False,14,0.000518,Вторник,Будни
Knapster01,1,7,Утро,False,25,0.000925,Вторник,Будни
Knapster01,1,8,Утро,False,16,0.000592,Вторник,Будни
Knapster01,1,9,Утро,False,33,0.001222,Вторник,Будни
Knapster01,1,10,Утро,False,49,0.001814,Вторник,Будни
Knapster01,1,11,Утро,False,57,0.00211,Вторник,Будни
Knapster01,1,12,День,False,59,0.002184,Вторник,Будни
Knapster01,1,13,День,False,59,0.002184,Вторник,Будни
Knapster01,1,14,День,False,68,0.002517,Вторник,Будни
Knapster01,1,15,День,False,55,0.002036,Вторник,Будни
Knapster01,1,16,День,False,77,0.00285,Вторник,Будни
Knapster01,1,17,День,False,59,0.002184,Вторник,Будни
Knapster01,1,18,Вечер,False,65,0.002406,Вторник,Будни
Knapster01,1,19,Вечер,False,47,0.00174,Вторник,Будни
Knapster01,1,20,Вечер,False,22,0.000814,Вторник,Будни
Knapster01,1,21,Вечер,False,27,0.000999,Вторник,Будни
Knapster01,1,22,Вечер,False,25,0.000925,Вторник,Будни
Knapster01,1,23,Вечер,False,18,0.000666,Вторник,Будни
Knapster01,2,0,Ночь,False,37,0.00137,Среда,Будни
Knapster01,2,1,Ночь,False,43,0.001592,Среда,Будни
Knapster01,2,2,Ночь,False,14,0.000518,Среда,Будни
Knapster01,2,3,Ночь,False,14,0.000518,Среда,Будни
Knapster01,2,4,Ночь,False,29,0.001073,Среда,Будни
Knapster01,2,5,Ночь,False,7,0.000259,Среда,Будни
Knapster01,2,6,Утро,False,13,0.000481,Среда,Будни
Knapster01,2,7,Утро,False,34,0.001259,Среда,Будни
Knapster01,2,8,Утро,False,59,0.002184,Среда,Будни
Knapster01,2,9,Утро,False,33,0.001222,Среда,Будни
Knapster01,2,10,Утро,False,78,0.002887,Среда,Будни
Knapster01,2,11,Утро,False,94,0.00348,Среда,Будни
Knapster01,2,12,День,False,76,0.002813,Среда,Будни
Knapster01,2,13,День,False,57,0.00211,Среда,Будни
Knapster01,2,14,День,False,60,0.002221,Среда,Будни
Knapster01,2,15,День,False,81,0.002998,Среда,Будни
Knapster01,2,16,День,False,76,0.002813,Среда,Будни
Knapster01,2,17,День,False,49,0.001814,Среда,Будни
Knapster01,2,18,Вечер,False,72,0.002665,Среда,Будни
Knapster01,2,19,Вечер,False,133,0.004923,Среда,Будни
Knapster01,2,20,Вечер,False,46,0.001703,Среда,Будни
Knapster01,2,21,Вечер,False,56,0.002073,Среда,Будни
Knapster01,2,22,Вечер,False,73,0.002702,Среда,Будни
Knapster01,2,23,Вечер,False,80,0.002961,Среда,Будни
Knapster01,3,0,Ночь,False,33,0.001222,Четверг,Будни
Knapster01,3,1,Ночь,False,50,0.001851,Четверг,Будни
Knapster01,3,2,Ночь,False,45,0.001666,Четверг,Будни
Knapster01,3,3,Ночь,False,43,0.001592,Четверг,Будни
Knapster01,3,4,Ночь,False,66,0.002443,Четверг,Будни
Knapster01,3,5,Ночь,False,27,0.000999,Четверг,Будни
Knapster01,3,6,Утро,False,41,0.001518,Четверг,Будни
Knapster01,3,7,Утро,False,30,0.00111,Четверг,Будни
Knapster01,3,8,Утро,False,34,0.001259,Четверг,Будни
Knapster01,3,9,Утро,False,43,0.001592,Четверг,Будни
Knapster01,3,10,Утро,False,69,0.002554,Четверг,Будни
Knapster01,3,11,Утро,False,81,0.002998,Четверг,Будни
Knapster01,3,12,День,False,80,0.002961,Четверг,Будни
Knapster01,3,13,День,False,86,0.003183,Четверг,Будни
Knapster01,3,14,День,False,161,0.00596,Четверг,Будни
Knapster01,3,15,День,False,99,0.003665,Четверг,Будни
Knapster01,3,16,День,False,150,0.005552,Четверг,Будни
Knapster01,3,17,День,False,153,0.005664,Четверг,Будни
Knapster01,3,18,Вечер,False,148,0.005478,Четверг,Будни
Knapster01,3,19,Вечер,False,120,0.004442,Четверг,Будни
Knapster01,3,20,Вечер,False,123,0.004553,Четверг,Будни
Knapster01,3,21,Вечер,False,87,0.00322,Четверг,Будни
Knapster01,3,22,Вечер,False,118,0.004368,Четверг,Будни
Knapster01,3,23,Вечер,False,113,0.004183,Четверг,Будни
Knapster01,4,0,Ночь,False,102,0.003776,Пятница,Будни
Knapster01,4,1,Ночь,False,112,0.004146,Пятница,Будни
Knapster01,4,2,Ночь,False,130,0.004812,Пятница,Будни
Knapster01,4,3,Ночь,False,108,0.003998,Пятница,Будни
Knapster01,4,4,Ночь,False,57,0.00211,Пятница,Будни
Knapster01,4,5,Ночь,False,102,0.003776,Пятница,Будни
Knapster01,4,6,Утро,False,98,0.003628,Пятница,Будни
Knapster01,4,7,Утро,False,50,0.001851,Пятница,Будни
Knapster01,4,8,Утро,False,86,0.003183,Пятница,Будни
Knapster01,4,9,Утро,False,116,0.004294,Пятница,Будни
Knapster01,4,10,Утро,False,148,0.005478,Пятница,Будни
Knapster01,4,11,Утро,False,210,0.007773,Пятница,Будни
Knapster01,4,12,День,False,237,0.008773,Пятница,Будни
Knapster01,4,13,День,False,253,0.009365,Пятница,Будни
Knapster01,4,14,День,False,236,0.008736,Пятница,Будни
Knapster01,4,15,День,False,360,0.013326,Пятница,Будни
Knapster01,4,16,День,False,314,0.011623,Пятница,Будни
Knapster01,4,17,День,False,326,0.012067,Пятница,Будни
Knapster01,4,18,Вечер,False,229,0.008477,Пятница,Будни
Knapster01,4,19,Вечер,False,232,0.008588,Пятница,Будни
Knapster01,4,20,Вечер,False,239,0.008847,Пятница,Будни
Knapster01,4,21,Вечер,False,299,0.011068,Пятница,Будни
Knapster01,4,22,Вечер,False,209,0.007736,Пятница,Будни
Knapster01,4,23,Вечер,False,228,0.00844,Пятница,Будни
Knapster01,5,0,Ночь,True,219,0.008107,Суббота,Выходные
Knapster01,5,1,Ночь,True,153,0.005664,Суббота,Выходные
Knapster01,5,2,Ночь,True,138,0.005108,Суббота,Выходные
Knapster01,5,3,Ночь,True,112,0.004146,Суббота,Выходные
Knapster01,5,4,Ночь,True,119,0.004405,Суббота,Выходные
Knapster01,5,5,Ночь,True,120,0.004442,Суббота,Выходные
Knapster01,5,6,Утро,True,74,0.002739,Суббота,Выходные
Knapster01,5,7,Утро,True,66,0.002443,Суббота,Выходные
Knapster01,5,8,Утро,True,104,0.00385,Суббота,Выходные
Knapster01,5,9,Утро,True,126,0.004664,Суббота,Выходные
Knapster01,5,10,Утро,True,221,0.008181,Суббота,Выходные
Knapster01,5,11,Утро,True,247,0.009143,Суббота,Выходные
Knapster01,5,12,День,True,190,0.007033,Суббота,Выходные
Knapster01,5,13,День,True,208,0.007699,Суббота,Выходные
Knapster01,5,14,День,True,234,0.008662,Суббота,Выходные
Knapster01,5,15,День,True,210,0.007773,Суббота,Выходные
Knapster01,5,16,День,True,218,0.00807,Суббота,Выходные
Knapster01,5,17,День,True,313,0.011586,Суббота,Выходные
Knapster01,5,18,Вечер,True,352,0.01303,Суббота,Выходные
Knapster01,5,19,Вечер,True,366,0.013548,Суббота,Выходные
Knapster01,5,20,Вечер,True,365,0.013511,Суббота,Выходные
Knapster01,5,21,Вечер,True,316,0.011697,Суббота,Выходные
Knapster01,5,22,Вечер,True,339,0.012549,Суббота,Выходные
Knapster01,5,23,Вечер,True,317,0.011734,Суббота,Выходные
Knapster01,6,0,Ночь,True,255,0.009439,Воскресенье,Выходные
Knapster01,6,1,Ночь,True,199,0.007366,Воскресенье,Выходные
Knapster01,6,2,Ночь,True,148,0.005478,Воскресенье,Выходные
Knapster01,6,3,Ночь,True,189,0.006996,Воскресенье,Выходные
Knapster01,6,4,Ночь,True,182,0.006737,Воскресенье,Выходные
Knapster01,6,5,Ночь,True,235,0.008699,Воскресенье,Выходные
Knapster01,6,6,Утро,True,271,0.010031,Воскресенье,Выходные
Knapster01,6,7,Утро,True,295,0.01092,Воскресенье,Выходные
Knapster01,6,8,Утро,True,243,0.008995,Воскресенье,Выходные
Knapster01,6,9,Утро,True,247,0.009143,Воскресенье,Выходные
Knapster01,6,10,Утро,True,417,0.015436,Воскресенье,Выходные
Knapster01,6,11,Утро,True,597,0.022099,Воскресенье,Выходные
Knapster01,6,12,День,True,507,0.018767,Воскресенье,Выходные
Knapster01,6,13,День,True,574,0.021247,Воскресенье,Выходные
Knapster01,6,14,День,True,596,0.022062,Воскресенье,Выходные
Knapster01,6,15,День,True,737,0.027281,Воскресенье,Выходные
Knapster01,6,16,День,True,701,0.025949,Воскресенье,Выходные
Knapster01,6,17,День,True,702,0.025986,Воскресенье,Выходные
Knapster01,6,18,Вечер,True,876,0.032426,Воскресенье,Выходные
Knapster01,6,19,Вечер,True,750,0.027762,Воскресенье,Выходные
Knapster01,6,20,Вечер,True,826,0.030576,Воскресенье,Выходные
Knapster01,6,21,Вечер,True,959,0.035499,Воскресенье,Выходные
Knapster01,6,22,Вечер,True,1010,0.037387,Воскресенье,Выходные
Knapster01,6,23,Вечер,True,852,0.031538,Воскресенье,Выходные
Orlenay,0,0,Ночь,False,1,9.9e-05,Понедельник,Будни
Orlenay,0,1,Ночь,False,0,0.0,Понедельник,Будни
Orlenay,0,2,Ночь,False,0,0.0,Понедельник,Будни
Orlenay,0,3,Ночь,False,21,0.002074,Понедельник,Будни
Orlenay,0,4,Ночь,False,15,0.001482,Понедельник,Будни
Orlenay,0,5,Ночь,False,0,0.0,Понедельник,Будни
Orlenay,0,6,Утро,False,0,0.0,Понедельник,Будни
Orlenay,0,7,Утро,False,0,0.0,Понедельник,Будни
Orlenay,0,8,Утро,False,10,0.000988,Понедельник,Будни
Orlenay,0,9,Утро,False,8,0.00079,Понедельник,Будни
Orlenay,0,10,Утро,False,7,0.000691,Понедельник,Будни
Orlenay,0,11,Утро,False,50,0.004939,Понедельник,Будни
Orlenay,0,12,День,False,4,0.000395,Понедельник,Будни
Orlenay,0,13,День,False,13,0.001284,Понедельник,Будни
Orlenay,0,14,День,False,16,0.001581,Понедельник,Будни
Orlenay,0,15,День,False,16,0.001581,Понедельник,Будни
Orlenay,0,16,День,False,17,0.001679,Понедельник,Будни
Orlenay,0,17,День,False,44,0.004347,Понедельник,Будни
Orlenay,0,18,Вечер,False,33,0.00326,Понедельник,Будни
Orlenay,0,19,Вечер,False,78,0.007705,Понедельник,Будни
Orlenay,0,20,Вечер,False,40,0.003951,Понедельник,Будни
Orlenay,0,21,Вечер,False,16,0.001581,Понедельник,Будни
Orlenay,0,22,Вечер,False,28,0.002766,Понедельник,Будни
Orlenay,0,23,Вечер,False,17,0.001679,Понедельник,Будни
Orlenay,1,0,Ночь,False,21,0.002074,Вторник,Будни
Orlenay,1,1,Ночь,False,17,0.001679,Вторник,Будни
Orlenay,1,2,Ночь,False,11,0.001087,Вторник,Будни
Orlenay,1,3,Ночь,False,18,0.001778,Вторник,Будни
Orlenay,1,4,Ночь,False,15,0.001482,Вторник,Будни
Orlenay,1,5,Ночь,False,1,9.9e-05,Вторник,Будни
Orlenay,1,6,Утро,False,2,0.000198,Вторник,Будни
Orlenay,1,7,Утро,False,24,0.002371,Вторник,Будни
Orlenay,1,8,Утро,False,9,0.000889,Вторник,Будни
Orlenay,1,9,Утро,False,11,0.001087,Вторник,Будни
Orlenay,1,10,Утро,False,38,0.003754,Вторник,Будни
Orlenay,1,11,Утро,False,38,0.003754,Вторник,Будни
Orlenay,1,12,День,False,61,0.006026,Вторник,Будни
Orlenay,1,13,День,False,24,0.002371,Вторник,Будни
Orlenay,1,14,День,False,15,0.001482,Вторник,Будни
Orlenay,1,15,День,False,14,0.001383,Вторник,Будни
Orlenay,1,16,День,False,18,0.001778,Вторник,Будни
Orlenay,1,17,День,False,35,0.003457,Вторник,Будни
Orlenay,1,18,Вечер,False,51,0.005038,Вторник,Будни
Orlenay,1,19,Вечер,False,18,0.001778,Вторник,Будни
Orlenay,1,20,Вечер,False,14,0.001383,Вторник,Будни
Orlenay,1,21,Вечер,False,8,0.00079,Вторник,Будни
Orlenay,1,22,Вечер,False,16,0.001581,Вторник,Будни
Orlenay,1,23,Вечер,False,9,0.000889,Вторник,Будни
Orlenay,2,0,Ночь,False,24,0.002371,Среда,Будни
Orlenay,2,1,Ночь,False,6,0.000593,Среда,Будни
Orlenay,2,2,Ночь,False,3,0.000296,Среда,Будни
Orlenay,2,3,Ночь,False,30,0.002964,Среда,Будни
Orlenay,2,4,Ночь,False,19,0.001877,Среда,Будни
Orlenay,2,5,Ночь,False,0,0.0,Среда,Будни
Orlenay,2,6,Утро,False,28,0.002766,Среда,Будни
Orlenay,2,7,Утро,False,14,0.001383,Среда,Будни
Orlenay,2,8,Утро,False,5,0.000494,Среда,Будни
Orlenay,2,9,Утро,False,20,0.001976,Среда,Будни
Orlenay,2,10,Утро,False,12,0.001185,Среда,Будни
Orlenay,2,11,Утро,False,20,0.001976,Среда,Будни
Orlenay,2,12,День,False,25,0.00247,Среда,Будни
Orlenay,2,13,День,False,60,0.005927,Среда,Будни
Orlenay,2,14,День,False,23,0.002272,Среда,Будни
Orlenay,2,15,День,False,52,0.005137,Среда,Будни
Orlenay,2,16,День,False,45,0.004445,Среда,Будни
Orlenay,2,17,День,False,45,0.004445,Среда,Будни
Orlenay,2,18,Вечер,False,43,0.004248,Среда,Будни
Orlenay,2,19,Вечер,False,27,0.002667,Среда,Будни
Orlenay,2,20,Вечер,False,10,0.000988,Среда,Будни
Orlenay,2,21,Вечер,False,18,0.001778,Среда,Будни
Orlenay,2,22,Вечер,False,39,0.003853,Среда,Будни
Orlenay,2,23,Вечер,False,19,0.001877,Среда,Будни
Orlenay,3,0,Ночь,False,4,0.000395,Четверг,Будни
Orlenay,3,1,Ночь,False,1,9.9e-05,Четверг,Будни
Orlenay,3,2,Ночь,False,2,0.000198,Четверг,Будни
Orlenay,3,3,Ночь,False,13,0.001284,Четверг,Будни
Orlenay,3,4,Ночь,False,2,0.000198,Четверг,Будни
Orlenay,3,5,Ночь,False,24,0.002371,Четверг,Будни
Orlenay,3,6,Утро,False,18,0.001778,Четверг,Будни
Orlenay,3,7,Утро,False,37,0.003655,Четверг,Будни
Orlenay,3,8,Утро,False,58,0.00573,Четверг,Будни
Orlenay,3,9,Утро,False,13,0.001284,Четверг,Будни
Orlenay,3,10,Утро,False,5,0.000494,Четверг,Будни
Orlenay,3,11,Утро,False,29,0.002865,Четверг,Будни
Orlenay,3,12,День,False,37,0.003655,Четверг,Будни
Orlenay,3,13,День,False,40,0.003951,Четверг,Будни
Orlenay,3,14,День,False,52,0.005137,Четверг,Будни
Orlenay,3,15,День,False,47,0.004643,Четверг,Будни
Orlenay,3,16,День,False,48,0.004742,Четверг,Будни
Orlenay,3,17,День,False,54,0.005334,Четверг,Будни
Orlenay,3,18,Вечер,False,50,0.004939,Четверг,Будни
Orlenay,3,19,Вечер,False,13,0.001284,Четверг,Будни
Orlenay,3,20,Вечер,False,29,0.002865,Четверг,Будни
Orlenay,3,21,Вечер,False,36,0.003556,Четверг,Будни
Orlenay,3,22,Вечер,False,46,0.004544,Четверг,Будни
Orlenay,3,23,Вечер,False,50,0.004939,Четверг,Будни
Orlenay,4,0,Ночь,False,58,0.00573,Пятница,Будни
Orlenay,4,1,Ночь,False,52,0.005137,Пятница,Будни
Orlenay,4,2,Ночь,False,41,0.00405,Пятница,Будни
Orlenay,4,3,Ночь,False,31,0.003062,Пятница,Будни
Orlenay,4,4,Ночь,False,23,0.002272,Пятница,Будни
Orlenay,4,5,Ночь,False,14,0.001383,Пятница,Будни
Orlenay,4,6,Утро,False,10,0.000988,Пятница,Будни
Orlenay,4,7,Утро,False,26,0.002568,Пятница,Будни
Orlenay,4,8,Утро,False,57,0.005631,Пятница,Будни
Orlenay,4,9,Утро,False,47,0.004643,Пятница,Будни
Orlenay,4,10,Утро,False,76,0.007508,Пятница,Будни
Orlenay,4,11,Утро,False,107,0.01057,Пятница,Будни
Orlenay,4,12,День,False,50,0.004939,Пятница,Будни
Orlenay,4,13,День,False,116,0.011459,Пятница,Будни
Orlenay,4,14,День,False,100,0.009878,Пятница,Будни
Orlenay,4,15,День,False,124,0.012249,Пятница,Будни
Orlenay,4,16,День,False,135,0.013336,Пятница,Будни
Orlenay,4,17,День,False,78,0.007705,Пятница,Будни
Orlenay,4,18,Вечер,False,87,0.008594,Пятница,Будни
Orlenay,4,19,Вечер,False,98,0.009681,Пятница,Будни
Orlenay,4,20,Вечер,False,73,0.007211,Пятница,Будни
Orlenay,4,21,Вечер,False,70,0.006915,Пятница,Будни
Orlenay,4,22,Вечер,False,103,0.010175,Пятница,Будни
Orlenay,4,23,Вечер,False,63,0.006223,Пятница,Будни
Orlenay,5,0,Ночь,True,58,0.00573,Суббота,Выходные
Orlenay,5,1,Ночь,True,42,0.004149,Суббота,Выходные
Orlenay,5,2,Ночь,True,34,0.003359,Суббота,Выходные
Orlenay,5,3,Ночь,True,46,0.004544,Суббота,Выходные
Orlenay,5,4,Ночь,True,28,0.002766,Суббота,Выходные
Orlenay,5,5,Ночь,True,18,0.001778,Суббота,Выходные
Orlenay,5,6,Утро,True,1,9.9e-05,Суббота,Выходные
Orlenay,5,7,Утро,True,12,0.001185,Суббота,Выходные
Orlenay,5,8,Утро,True,15,0.001482,Суббота,Выходные
Orlenay,5,9,Утро,True,12,0.001185,Суббота,Выходные
Orlenay,5,10,Утро,True,79,0.007804,Суббота,Выходные
Orlenay,5,11,Утро,True,112,0.011064,Суббота,Выходные
Orlenay,5,12,День,True,154,0.015213,Суббота,Выходные
Orlenay,5,13,День,True,147,0.014521,Суббота,Выходные
Orlenay,5,14,День,True,120,0.011854,Суббота,Выходные
Orlenay,5,15,День,True,162,0.016003,Суббота,Выходные
Orlenay,5,16,День,True,146,0.014423,Суббота,Выходные
Orlenay,5,17,День,True,175,0.017287,Суббота,Выходные
Orlenay,5,18,Вечер,True,177,0.017485,Суббота,Выходные
Orlenay,5,19,Вечер,True,169,0.016695,Суббота,Выходные
Orlenay,5,20,Вечер,True,134,0.013237,Суббота,Выходные
Orlenay,5,21,Вечер,True,139,0.013731,Суббота,Выходные
Orlenay,5,22,Вечер,True,164,0.016201,Суббота,Выходные
Orlenay,5,23,Вечер,True,110,0.010866,Суббота,Выходные
Orlenay,6,0,Ночь,True,69,0.006816,Воскресенье,Выходные
Orlenay,6,1,Ночь,True,30,0.002964,Воскресенье,Выходные
Orlenay,6,2,Ночь,True,34,0.003359,Воскресенье,Выходные
Orlenay,6,3,Ночь,True,105,0.010372,Воскресенье,Выходные
Orlenay,6,4,Ночь,True,20,0.001976,Воскресенье,Выходные
Orlenay,6,5,Ночь,True,53,0.005236,Воскресенье,Выходные
Orlenay,6,6,Утро,True,41,0.00405,Воскресенье,Выходные
Orlenay,6,7,Утро,True,84,0.008298,Воскресенье,Выходные
Orlenay,6,8,Утро,True,105,0.010372,Воскресенье,Выходные
Orlenay,6,9,Утро,True,116,0.011459,Воскресенье,Выходные
Orlenay,6,10,Утро,True,115,0.01136,Воскресенье,Выходные
Orlenay,6,11,Утро,True,141,0.013929,Воскресенье,Выходные
Orlenay,6,12,День,True,172,0.016991,Воскресенье,Выходные
Orlenay,6,13,День,True,148,0.01462,Воскресенье,Выходные
Orlenay,6,14,День,True,234,0.023116,Воскресенье,Выходные
Orlenay,6,15,День,True,231,0.022819,Воскресенье,Выходные
Orlenay,6,16,День,True,229,0.022622,Воскресенье,Выходные
Orlenay,6,17,День,True,294,0.029043,Воскресенье,Выходные
Orlenay,6,18,Вечер,True,338,0.033389,Воскресенье,Выходные
Orlenay,6,19,Вечер,True,279,0.027561,Воскресенье,Выходные
Orlenay,6,20,Вечер,True,287,0.028351,Воскресенье,Выходные
Orlenay,6,21,Вечер,True,239,0.02361,Воскресенье,Выходные
Orlenay,6,22,Вечер,True,312,0.030821,Воскресенье,Выходные
Orlenay,6,23,Вечер,True,337,0.033291,Воскресенье,Выходные
eartle,0,0,Ночь,False,34,0.001622,Понедельник,Будни
eartle,0,1,Ночь,False,29,0.001383,Понедельник,Будни
eartle,0,2,Ночь,False,15,0.000715,Понедельник,Будни
eartle,0,3,Ночь,False,32,0.001526,Понедельник,Будни
eartle,0,4,Ночь,False,44,0.002099,Понедельник,Будни
eartle,0,5,Ночь,False,10,0.000477,Понедельник,Будни
eartle,0,6,Утро,False,10,0.000477,Понедельник,Будни
eartle,0,7,Утро,False,14,0.000668,Понедельник,Будни
eartle,0,8,Утро,False,15,0.000715,Понедельник,Будни
eartle,0,9,Утро,False,13,0.00062,Понедельник,Будни
eartle,0,10,Утро,False,17,0.000811,Понедельник,Будни
eartle,0,11,Утро,False,66,0.003148,Понедельник,Будни
eartle,0,12,День,False,12,0.000572,Понедельник,Будни
eartle,0,13,День,False,18,0.000859,Понедельник,Будни
eartle,0,14,День,False,73,0.003482,Понедельник,Будни
eartle,0,15,День,False,63,0.003005,Понедельник,Будни
eartle,0,16,День,False,31,0.001479,Понедельник,Будни
eartle,0,17,День,False,29,0.001383,Понедельник,Будни
eartle,0,18,Вечер,False,18,0.000859,Понедельник,Будни
eartle,0,19,Вечер,False,48,0.002289,Понедельник,Будни
eartle,0,20,Вечер,False,57,0.002719,Понедельник,Будни
eartle,0,21,Вечер,False,44,0.002099,Понедельник,Будни
eartle,0,22,Вечер,False,66,0.003148,Понедельник,Будни
eartle,0,23,Вечер,False,13,0.00062,Понедельник,Будни
eartle,1,0,Ночь,False,52,0.00248,Вторник,Будни
eartle,1,1,Ночь,False,14,0.000668,Вторник,Будни
eartle,1,2,Ночь,False,11,0.000525,Вторник,Будни
eartle,1,3,Ночь,False,26,0.00124,Вторник,Будни
eartle,1,4,Ночь,False,50,0.002385,Вторник,Будни
eartle,1,5,Ночь,False,21,0.001002,Вторник,Будни
eartle,1,6,Утро,False,28,0.001335,Вторник,Будни
eartle,1,7,Утро,False,29,0.001383,Вторник,Будни
eartle,1,8,Утро,False,43,0.002051,Вторник,Будни
eartle,1,9,Утро,False,39,0.00186,Вторник,Будни
eartle,1,10,Утро,False,42,0.002003,Вторник,Будни
eartle,1,11,Утро,False,69,0.003291,Вторник,Будни
eartle,1,12,День,False,71,0.003386,Вторник,Будни
eartle,1,13,День,False,75,0.003577,Вторник,Будни
eartle,1,14,День,False,51,0.002433,Вторник,Будни
eartle,1,15,День,False,75,0.003577,Вторник,Будни
eartle,1,16,День,False,59,0.002814,Вторник,Будни
eartle,1,17,День,False,50,0.002385,Вторник,Будни
eartle,1,18,Вечер,False,64,0.003053,Вторник,Будни
eartle,1,19,Вечер,False,44,0.002099,Вторник,Будни
eartle,1,20,Вечер,False,70,0.003339,Вторник,Будни
eartle,1,21,Вечер,False,43,0.002051,Вторник,Будни
eartle,1,22,Вечер,False,17,0.000811,Вторник,Будни
eartle,1,23,Вечер,False,46,0.002194,Вторник,Будни
eartle,2,0,Ночь,False,56,0.002671,Среда,Будни
eartle,2,1,Ночь,False,64,0.003053,Среда,Будни
eartle,2,2,Ночь,False,60,0.002862,Среда,Будни
eartle,2,3,Ночь,False,33,0.001574,Среда,Будни
eartle,2,4,Ночь,False,28,0.001335,Среда,Будни
eartle,2,5,Ночь,False,15,0.000715,Среда,Будни
eartle,2,6,Утро,False,38,0.001812,Среда,Будни
eartle,2,7,Утро,False,21,0.001002,Среда,Будни
eartle,2,8,Утро,False,20,0.000954,Среда,Будни
eartle,2,9,Утро,False,49,0.002337,Среда,Будни
eartle,2,10,Утро,False,64,0.003053,Среда,Будни
eartle,2,11,Утро,False,66,0.003148,Среда,Будни
eartle,2,12,День,False,109,0.005199,Среда,Будни
eartle,2,13,День,False,81,0.003863,Среда,Будни
eartle,2,14,День,False,61,0.002909,Среда,Будни
eartle,2,15,День,False,123,0.005867,Среда,Будни
eartle,2,16,День,False,106,0.005056,Среда,Будни
eartle,2,17,День,False,60,0.002862,Среда,Будни
eartle,2,18,Вечер,False,93,0.004436,Среда,Будни
eartle,2,19,Вечер,False,42,0.002003,Среда,Будни
eartle,2,20,Вечер,False,51,0.002433,Среда,Будни
eartle,2,21,Вечер,False,56,0.002671,Среда,Будни
eartle,2,22,Вечер,False,45,0.002146,Среда,Будни
eartle,2,23,Вечер,False,62,0.002957,Среда,Будни
eartle,3,0,Ночь,False,34,0.001622,Четверг,Будни
eartle,3,1,Ночь,False,22,0.001049,Четверг,Будни
eartle,3,2,Ночь,False,28,0.001335,Четверг,Будни
eartle,3,3,Ночь,False,36,0.001717,Четверг,Будни
eartle,3,4,Ночь,False,14,0.000668,Четверг,Будни
eartle,3,5,Ночь,False,15,0.000715,Четверг,Будни
eartle,3,6,Утро,False,19,0.000906,Четверг,Будни
eartle,3,7,Утро,False,49,0.002337,Четверг,Будни
eartle,3,8,Утро,False,70,0.003339,Четверг,Будни
eartle,3,9,Утро,False,15,0.000715,Четверг,Будни
eartle,3,10,Утро,False,58,0.002766,Четверг,Будни
eartle,3,11,Утро,False,101,0.004817,Четверг,Будни
eartle,3,12,День,False,82,0.003911,Четверг,Будни
eartle,3,13,День,False,162,0.007727,Четверг,Будни
eartle,3,14,День,False,192,0.009158,Четверг,Будни
eartle,3,15,День,False,94,0.004483,Четверг,Будни
eartle,3,16,День,False,136,0.006487,Четверг,Будни
eartle,3,17,День,False,146,0.006964,Четверг,Будни
eartle,3,18,Вечер,False,179,0.008538,Четверг,Будни
eartle,3,19,Вечер,False,123,0.005867,Четверг,Будни
eartle,3,20,Вечер,False,72,0.003434,Четверг,Будни
eartle,3,21,Вечер,False,44,0.002099,Четверг,Будни
eartle,3,22,Вечер,False,64,0.003053,Четверг,Будни
eartle,3,23,Вечер,False,108,0.005151,Четверг,Будни
eartle,4,0,Ночь,False,106,0.005056,Пятница,Будни
eartle,4,1,Ночь,False,67,0.003196,Пятница,Будни
eartle,4,2,Ночь,False,61,0.002909,Пятница,Будни
eartle,4,3,Ночь,False,63,0.003005,Пятница,Будни
eartle,4,4,Ночь,False,35,0.001669,Пятница,Будни
eartle,4,5,Ночь,False,38,0.001812,Пятница,Будни
eartle,4,6,Утро,False,29,0.001383,Пятница,Будни
eartle,4,7,Утро,False,27,0.001288,Пятница,Будни
eartle,4,8,Утро,False,53,0.002528,Пятница,Будни
eartle,4,9,Утро,False,70,0.003339,Пятница,Будни
eartle,4,10,Утро,False,168,0.008013,Пятница,Будни
eartle,4,11,Утро,False,188,0.008967,Пятница,Будни
eartle,4,12,День,False,155,0.007393,Пятница,Будни
eartle,4,13,День,False,295,0.01407,Пятница,Будни
eartle,4,14,День,False,240,0.011447,Пятница,Будни
eartle,4,15,День,False,300,0.014309,Пятница,Будни
eartle,4,16,День,False,225,0.010732,Пятница,Будни
eartle,4,17,День,False,259,0.012353,Пятница,Будни
eartle,4,18,Вечер,False,261,0.012449,Пятница,Будни
eartle,4,19,Вечер,False,214,0.010207,Пятница,Будни
eartle,4,20,Вечер,False,196,0.009348,Пятница,Будни
eartle,4,21,Вечер,False,234,0.011161,Пятница,Будни
eartle,4,22,Вечер,False,208,0.009921,Пятница,Будни
eartle,4,23,Вечер,False,120,0.005724,Пятница,Будни
eartle,5,0,Ночь,True,94,0.004483,Суббота,Выходные
eartle,5,1,Ночь,True,134,0.006391,Суббота,Выходные
eartle,5,2,Ночь,True,65,0.0031,Суббота,Выходные
eartle,5,3,Ночь,True,31,0.001479,Суббота,Выходные
eartle,5,4,Ночь,True,38,0.001812,Суббота,Выходные
eartle,5,5,Ночь,True,55,0.002623,Суббота,Выходные
eartle,5,6,Утро,True,51,0.002433,Суббота,Выходные
eartle,5,7,Утро,True,38,0.001812,Суббота,Выходные
eartle,5,8,Утро,True,104,0.00496,Суббота,Выходные
eartle,5,9,Утро,True,128,0.006105,Суббота,Выходные
eartle,5,10,Утро,True,180,0.008585,Суббота,Выходные
eartle,5,11,Утро,True,193,0.009205,Суббота,Выходные
eartle,5,12,День,True,151,0.007202,Суббота,Выходные
eartle,5,13,День,True,175,0.008347,Суббота,Выходные
eartle,5,14,День,True,164,0.007822,Суббота,Выходные
eartle,5,15,День,True,182,0.008681,Суббота,Выходные
eartle,5,16,День,True,229,0.010922,Суббота,Выходные
eartle,5,17,День,True,380,0.018125,Суббота,Выходные
eartle,5,18,Вечер,True,319,0.015215,Суббота,Выходные
eartle,5,19,Вечер,True,225,0.010732,Суббота,Выходные
eartle,5,20,Вечер,True,256,0.01221,Суббота,Выходные
eartle,5,21,Вечер,True,226,0.010779,Суббота,Выходные
eartle,5,22,Вечер,True,208,0.009921,Суббота,Выходные
eartle,5,23,Вечер,True,161,0.007679,Суббота,Выходные
eartle,6,0,Ночь,True,127,0.006057,Воскресенье,Выходные
eartle,6,1,Ночь,True,149,0.007107,Воскресенье,Выходные
eartle,6,2,Ночь,True,134,0.006391,Воскресенье,Выходные
eartle,6,3,Ночь,True,95,0.004531,Воскресенье,Выходные
eartle,6,4,Ночь,True,76,0.003625,Воскресенье,Выходные
eartle,6,5,Ночь,True,99,0.004722,Воскресенье,Выходные
eartle,6,6,Утро,True,83,0.003959,Воскресенье,Выходные
eartle,6,7,Утро,True,77,0.003673,Воскресенье,Выходные
eartle,6,8,Утро,True,198,0.009444,Воскресенье,Выходные
eartle,6,9,Утро,True,249,0.011876,Воскресенье,Выходные
eartle,6,10,Утро,True,314,0.014977,Воскресенье,Выходные
eartle,6,11,Утро,True,288,0.013737,Воскресенье,Выходные
eartle,6,12,День,True,381,0.018172,Воскресенье,Выходные
eartle,6,13,День,True,511,0.024373,Воскресенье,Выходные
eartle,6,14,День,True,403,0.019222,Воскресенье,Выходные
eartle,6,15,День,True,426,0.020319,Воскресенье,Выходные
eartle,6,16,День,True,580,0.027664,Воскресенье,Выходные
eartle,6,17,День,True,688,0.032815,Воскресенье,Выходные
eartle,6,18,Вечер,True,787,0.037537,Воскресенье,Выходные
eartle,6,19,Вечер,True,712,0.03396,Воскресенье,Выходные
eartle,6,20,Вечер,True,573,0.02733,Воскресенье,Выходные
eartle,6,21,Вечер,True,425,0.020271,Воскресенье,Выходные
eartle,6,22,Вечер,True,556,0.026519,Воскресенье,Выходные
eartle,6,23,Вечер,True,510,0.024325,Воскресенье,Выходные
franhale,0,0,Ночь,False,14,0.000428,Понедельник,Будни
franhale,0,1,Ночь,False,30,0.000917,Понедельник,Будни
franhale,0,2,Ночь,False,30,0.000917,Понедельник,Будни
franhale,0,3,Ночь,False,8,0.000245,Понедельник,Будни
franhale,0,4,Ночь,False,22,0.000673,Понедельник,Будни
franhale,0,5,Ночь,False,11,0.000336,Понедельник,Будни
franhale,0,6,Утро,False,4,0.000122,Понедельник,Будни
franhale,0,7,Утро,False,5,0.000153,Понедельник,Будни
franhale,0,8,Утро,False,4,0.000122,Понедельник,Будни
franhale,0,9,Утро,False,21,0.000642,Понедельник,Будни
franhale,0,10,Утро,False,51,0.001559,Понедельник,Будни
franhale,0,11,Утро,False,97,0.002965,Понедельник,Будни
franhale,0,12,День,False,28,0.000856,Понедельник,Будни
franhale,0,13,День,False,18,0.00055,Понедельник,Будни
franhale,0,14,День,False,73,0.002232,Понедельник,Будни
franhale,0,15,День,False,68,0.002079,Понедельник,Будни
franhale,0,16,День,False,32,0.000978,Понедельник,Будни
franhale,0,17,День,False,44,0.001345,Понедельник,Будни
franhale,0,18,Вечер,False,39,0.001192,Понедельник,Будни
franhale,0,19,Вечер,False,58,0.001773,Понедельник,Будни
franhale,0,20,Вечер,False,50,0.001528,Понедельник,Будни
franhale,0,21,Вечер,False,76,0.002323,Понедельник,Будни
franhale,0,22,Вечер,False,36,0.001101,Понедельник,Будни
franhale,0,23,Вечер,False,31,0.000948,Понедельник,Будни
franhale,1,0,Ночь,False,33,0.001009,Вторник,Будни
franhale,1,1,Ночь,False,21,0.000642,Вторник,Будни
franhale,1,2,Ночь,False,19,0.000581,Вторник,Будни
franhale,1,3,Ночь,False,44,0.001345,Вторник,Будни
franhale,1,4,Ночь,False,39,0.001192,Вторник,Будни
franhale,1,5,Ночь,False,13,0.000397,Вторник,Будни
franhale,1,6,Утро,False,22,0.000673,Вторник,Будни
franhale,1,7,Утро,False,19,0.000581,Вторник,Будни
franhale,1,8,Утро,False,21,0.000642,Вторник,Будни
franhale,1,9,Утро,False,22,0.000673,Вторник,Будни
franhale,1,10,Утро,False,56,0.001712,Вторник,Будни
franhale,1,11,Утро,False,82,0.002507,Вторник,Будни
franhale,1,12,День,False,99,0.003026,Вторник,Будни
franhale,1,13,День,False,80,0.002446,Вторник,Будни
franhale,1,14,День,False,83,0.002537,Вторник,Будни
franhale,1,15,День,False,84,0.002568,Вторник,Будни
franhale,1,16,День,False,67,0.002048,Вторник,Будни
franhale,1,17,День,False,72,0.002201,Вторник,Будни
franhale,1,18,Вечер,False,63,0.001926,Вторник,Будни
franhale,1,19,Вечер,False,16,0.000489,Вторник,Будни
franhale,1,20,Вечер,False,24,0.000734,Вторник,Будни
franhale,1,21,Вечер,False,57,0.001742,Вторник,Будни
franhale,1,22,Вечер,False,34,0.001039,Вторник,Будни
franhale,1,23,Вечер,False,31,0.000948,Вторник,Будни
franhale,2,0,Ночь,False,36,0.001101,Среда,Будни
franhale,2,1,Ночь,False,40,0.001223,Среда,Будни
franhale,2,2,Ночь,False,33,0.001009,Среда,Будни
franhale,2,3,Ночь,False,31,0.000948,Среда,Будни
franhale,2,4,Ночь,False,8,0.000245,Среда,Будни
franhale,2,5,Ночь,False,4,0.000122,Среда,Будни
franhale,2,6,Утро,False,8,0.000245,Среда,Будни
franhale,2,7,Утро,False,35,0.00107,Среда,Будни
franhale,2,8,Утро,False,59,0.001804,Среда,Будни
franhale,2,9,Утро,False,75,0.002293,Среда,Будни
franhale,2,10,Утро,False,88,0.00269,Среда,Будни
franhale,2,11,Утро,False,75,0.002293,Среда,Будни
franhale,2,12,День,False,114,0.003485,Среда,Будни
franhale,2,13,День,False,104,0.003179,Среда,Будни
franhale,2,14,День,False,111,0.003393,Среда,Будни
franhale,2,15,День,False,133,0.004066,Среда,Будни
franhale,2,16,День,False,100,0.003057,Среда,Будни
franhale,2,17,День,False,59,0.001804,Среда,Будни
franhale,2,18,Вечер,False,104,0.003179,Среда,Будни
franhale,2,19,Вечер,False,112,0.003424,Среда,Будни
franhale,2,20,Вечер,False,75,0.002293,Среда,Будни
franhale,2,21,Вечер,False,62,0.001895,Среда,Будни
franhale,2,22,Вечер,False,98,0.002996,Среда,Будни
franhale,2,23,Вечер,False,81,0.002476,Среда,Будни
franhale,3,0,Ночь,False,55,0.001681,Четверг,Будни
franhale,3,1,Ночь,False,39,0.001192,Четверг,Будни
franhale,3,2,Ночь,False,49,0.001498,Четверг,Будни
franhale,3,3,Ночь,False,79,0.002415,Четверг,Будни
franhale,3,4,Ночь,False,74,0.002262,Четверг,Будни
franhale,3,5,Ночь,False,50,0.001528,Четверг,Будни
franhale,3,6,Утро,False,90,0.002751,Четверг,Будни
franhale,3,7,Утро,False,69,0.002109,Четверг,Будни
franhale,3,8,Утро,False,101,0.003088,Четверг,Будни
franhale,3,9,Утро,False,57,0.001742,Четверг,Будни
franhale,3,10,Утро,False,60,0.001834,Четверг,Будни
franhale,3,11,Утро,False,63,0.001926,Четверг,Будни
franhale,3,12,День,False,130,0.003974,Четверг,Будни
franhale,3,13,День,False,134,0.004096,Четверг,Будни
franhale,3,14,День,False,181,0.005533,Четверг,Будни
franhale,3,15,День,False,122,0.00373,Четверг,Будни
franhale,3,16,День,False,142,0.004341,Четверг,Будни
franhale,3,17,День,False,175,0.00535,Четверг,Будни
franhale,3,18,Вечер,False,141,0.00431,Четверг,Будни
franhale,3,19,Вечер,False,106,0.00324,Четверг,Будни
franhale,3,20,Вечер,False,142,0.004341,Четверг,Будни
franhale,3,21,Вечер,False,137,0.004188,Четверг,Будни
franhale,3,22,Вечер,False,97,0.002965,Четверг,Будни
franhale,3,23,Вечер,False,119,0.003638,Четверг,Будни
franhale,4,0,Ночь,False,118,0.003607,Пятница,Будни
franhale,4,1,Ночь,False,92,0.002812,Пятница,Будни
franhale,4,2,Ночь,False,97,0.002965,Пятница,Будни
franhale,4,3,Ночь,False,103,0.003149,Пятница,Будни
franhale,4,4,Ночь,False,55,0.001681,Пятница,Будни
franhale,4,5,Ночь,False,71,0.00217,Пятница,Будни
franhale,4,6,Утро,False,65,0.001987,Пятница,Будни
franhale,4,7,Утро,False,38,0.001162,Пятница,Будни
franhale,4,8,Утро,False,73,0.002232,Пятница,Будни
franhale,4,9,Утро,False,82,0.002507,Пятница,Будни
franhale,4,10,Утро,False,149,0.004555,Пятница,Будни
franhale,4,11,Утро,False,260,0.007948,Пятница,Будни
franhale,4,12,День,False,295,0.009018,Пятница,Будни
franhale,4,13,День,False,326,0.009966,Пятница,Будни
franhale,4,14,День,False,265,0.008101,Пятница,Будни
franhale,4,15,День,False,351,0.01073,Пятница,Будни
franhale,4,16,День,False,372,0.011372,Пятница,Будни
franhale,4,17,День,False,302,0.009232,Пятница,Будни
franhale,4,18,Вечер,False,260,0.007948,Пятница,Будни
franhale,4,19,Вечер,False,284,0.008682,Пятница,Будни
franhale,4,20,Вечер,False,207,0.006328,Пятница,Будни
franhale,4,21,Вечер,False,228,0.00697,Пятница,Будни
franhale,4,22,Вечер,False,238,0.007276,Пятница,Будни
franhale,4,23,Вечер,False,216,0.006603,Пятница,Будни
franhale,5,0,Ночь,True,161,0.004922,Суббота,Выходные
franhale,5,1,Ночь,True,173,0.005289,Суббота,Выходные
franhale,5,2,Ночь,True,107,0.003271,Суббота,Выходные
franhale,5,3,Ночь,True,100,0.003057,Суббота,Выходные
franhale,5,4,Ночь,True,107,0.003271,Суббота,Выходные
franhale,5,5,Ночь,True,88,0.00269,Суббота,Выходные
franhale,5,6,Утро,True,127,0.003882,Суббота,Выходные
franhale,5,7,Утро,True,154,0.004708,Суббота,Выходные
franhale,5,8,Утро,True,167,0.005105,Суббота,Выходные
franhale,5,9,Утро,True,187,0.005717,Суббота,Выходные
franhale,5,10,Утро,True,227,0.006939,Суббота,Выходные
franhale,5,11,Утро,True,292,0.008926,Суббота,Выходные
franhale,5,12,День,True,249,0.007612,Суббота,Выходные
franhale,5,13,День,True,336,0.010271,Суббота,Выходные
franhale,5,14,День,True,237,0.007245,Суббота,Выходные
franhale,5,15,День,True,268,0.008193,Суббота,Выходные
franhale,5,16,День,True,341,0.010424,Суббота,Выходные
franhale,5,17,День,True,448,0.013695,Суббота,Выходные
franhale,5,18,Вечер,True,456,0.01394,Суббота,Выходные
franhale,5,19,Вечер,True,545,0.016661,Суббота,Выходные
franhale,5,20,Вечер,True,486,0.014857,Суббота,Выходные
franhale,5,21,Вечер,True,364,0.011127,Суббота,Выходные
franhale,5,22,Вечер,True,385,0.011769,Суббота,Выходные
franhale,5,23,Вечер,True,304,0.009293,Суббота,Выходные
franhale,6,0,Ночь,True,326,0.009966,Воскресенье,Выходные
franhale,6,1,Ночь,True,337,0.010302,Воскресенье,Выходные
franhale,6,2,Ночь,True,265,0.008101,Воскресенье,Выходные
franhale,6,3,Ночь,True,298,0.00911,Воскресенье,Выходные
franhale,6,4,Ночь,True,246,0.00752,Воскресенье,Выходные
franhale,6,5,Ночь,True,322,0.009843,Воскресенье,Выходные
franhale,6,6,Утро,True,322,0.009843,Воскресенье,Выходные
franhale,6,7,Утро,True,320,0.009782,Воскресенье,Выходные
franhale,6,8,Утро,True,423,0.012931,Воскресенье,Выходные
franhale,6,9,Утро,True,393,0.012014,Воскресенье,Выходные
franhale,6,10,Утро,True,505,0.015438,Воскресенье,Выходные
franhale,6,11,Утро,True,559,0.017089,Воскресенье,Выходные
franhale,6,12,День,True,580,0.01773,Воскресенье,Выходные
franhale,6,13,День,True,580,0.01773,Воскресенье,Выходные
franhale,6,14,День,True,681,0.020818,Воскресенье,Выходные
franhale,6,15,День,True,794,0.024272,Воскресенье,Выходные
franhale,6,16,День,True,877,0.02681,Воскресенье,Выходные
franhale,6,17,День,True,888,0.027146,Воскресенье,Выходные
franhale,6,18,Вечер,True,926,0.028308,Воскресенье,Выходные
franhale,6,19,Вечер,True,1059,0.032373,Воскресенье,Выходные
franhale,6,20,Вечер,True,1199,0.036653,Воскресенье,Выходные
franhale,6,21,Вечер,True,1211,0.03702,Воскресенье,Выходные
franhale,6,22,Вечер,True,1345,0.041116,Воскресенье,Выходные
franhale,6,23,Вечер,True,1392,0.042553,Воскресенье,Выходные
isaac,0,0,Ночь,False,4,0.002247,Понедельник,Будни
isaac,0,1,Ночь,False,0,0.0,Понедельник,Будни
isaac,0,2,Ночь,False,1,0.000562,Понедельник,Будни
isaac,0,3,Ночь,False,0,0.0,Понедельник,Будни
isaac,0,4,Ночь,False,0,0.0,Понедельник,Будни
isaac,0,5,Ночь,False,0,0.0,Понедельник,Будни
isaac,0,6,Утро,False,0,0.0,Понедельник,Будни
isaac,0,7,Утро,False,0,0.0,Понедельник,Будни
isaac,0,8,Утро,False,1,0.000562,Понедельник,Будни
isaac,0,9,Утро,False,8,0.004494,Понедельник,Будни
isaac,0,10,Утро,False,13,0.007303,Понедельник,Будни
isaac,0,11,Утро,False,21,0.011798,Понедельник,Будни
isaac,0,12,День,False,2,0.001124,Понедельник,Будни
isaac,0,13,День,False,18,0.010112,Понедельник,Будни
isaac,0,14,День,False,10,0.005618,Понедельник,Будни
isaac,0,15,День,False,0,0.0,Понедельник,Будни
isaac,0,16,День,False,1,0.000562,Понедельник,Будни
isaac,0,17,День,False,0,0.0,Понедельник,Будни
isaac,0,18,Вечер,False,0,0.0,Понедельник,Будни
isaac,0,19,Вечер,False,0,0.0,Понедельник,Будни
isaac,0,20,Вечер,False,13,0.007303,Понедельник,Будни
isaac,0,21,Вечер,False,0,0.0,Понедельник,Будни
isaac,0,22,Вечер,False,0,0.0,Понедельник,Будни
isaac,0,23,Вечер,False,4,0.002247,Понедельник,Будни
isaac,1,0,Ночь,False,13,0.007303,Вторник,Будни
isaac,1,1,Ночь,False,0,0.0,Вторник,Будни
isaac,1,2,Ночь,False,0,0.0,Вторник,Будни
isaac,1,3,Ночь,False,0,0.0,Вторник,Будни
isaac,1,4,Ночь,False,0,0.0,Вторник,Будни
isaac,1,5,Ночь,False,0,0.0,Вторник,Будни
isaac,1,6,Утро,False,14,0.007865,Вторник,Будни
isaac,1,7,Утро,False,8,0.004494,Вторник,Будни
isaac,1,8,Утро,False,6,0.003371,Вторник,Будни
isaac,1,9,Утро,False,3,0.001685,Вторник,Будни
isaac,1,10,Утро,False,7,0.003933,Вторник,Будни
isaac,1,11,Утро,False,1,0.000562,Вторник,Будни
isaac,1,12,День,False,3,0.001685,Вторник,Будни
isaac,1,13,День,False,1,0.000562,Вторник,Будни
isaac,1,14,День,False,0,0.0,Вторник,Будни
isaac,1,15,День,False,0,0.0,Вторник,Будни
isaac,1,16,День,False,7,0.003933,Вторник,Будни
isaac,1,17,День,False,7,0.003933,Вторник,Будни
isaac,1,18,Вечер,False,24,0.013483,Вторник,Будни
isaac,1,19,Вечер,False,14,0.007865,Вторник,Будни
isaac,1,20,Вечер,False,8,0.004494,Вторник,Будни
isaac,1,21,Вечер,False,5,0.002809,Вторник,Будни
isaac,1,22,Вечер,False,3,0.001685,Вторник,Будни
isaac,1,23,Вечер,False,7,0.003933,Вторник,Будни
isaac,2,0,Ночь,False,11,0.00618,Среда,Будни
isaac,2,1,Ночь,False,0,0.0,Среда,Будни
isaac,2,2,Ночь,False,11,0.00618,Среда,Будни
isaac,2,3,Ночь,False,0,0.0,Среда,Будни
isaac,2,4,Ночь,False,1,0.000562,Среда,Будни
isaac,2,5,Ночь,False,0,0.0,Среда,Будни
isaac,2,6,Утро,False,10,0.005618,Среда,Будни
isaac,2,7,Утро,False,0,0.0,Среда,Будни
isaac,2,8,Утро,False,3,0.001685,Среда,Будни
isaac,2,9,Утро,False,1,0.000562,Среда,Будни
isaac,2,10,Утро,False,0,0.0,Среда,Будни
isaac,2,11,Утро,False,0,0.0,Среда,Будни
isaac,2,12,День,False,0,0.0,Среда,Будни
isaac,2,13,День,False,4,0.002247,Среда,Будни
isaac,2,14,День,False,5,0.002809,Среда,Будни
isaac,2,15,День,False,17,0.009551,Среда,Будни
isaac,2,16,День,False,4,0.002247,Среда,Будни
isaac,2,17,День,False,6,0.003371,Среда,Будни
isaac,2,18,Вечер,False,4,0.002247,Среда,Будни
isaac,2,19,Вечер,False,7,0.003933,Среда,Будни
isaac,2,20,Вечер,False,16,0.008989,Среда,Будни
isaac,2,21,Вечер,False,0,0.0,Среда,Будни
isaac,2,22,Вечер,False,2,0.001124,Среда,Будни
isaac,2,23,Вечер,False,0,0.0,Среда,Будни
isaac,3,0,Ночь,False,0,0.0,Четверг,Будни
isaac,3,1,Ночь,False,0,0.0,Четверг,Будни
isaac,3,2,Ночь,False,0,0.0,Четверг,Будни
isaac,3,3,Ночь,False,2,0.001124,Четверг,Будни
isaac,3,4,Ночь,False,0,0.0,Четверг,Будни
isaac,3,5,Ночь,False,0,0.0,Четверг,Будни
isaac,3,6,Утро,False,0,0.0,Четверг,Будни
isaac,3,7,Утро,False,0,0.0,Четверг,Будни
isaac,3,8,Утро,False,0,0.0,Четверг,Будни
isaac,3,9,Утро,False,0,0.0,Четверг,Будни
isaac,3,10,Утро,False,0,0.0,Четверг,Будни
isaac,3,11,Утро,False,0,0.0,Четверг,Будни
isaac,3,12,День,False,0,0.0,Четверг,Будни
isaac,3,13,День,False,10,0.005618,Четверг,Будни
isaac,3,14,День,False,16,0.008989,Четверг,Будни
isaac,3,15,День,False,7,0.003933,Четверг,Будни
isaac,3,16,День,False,34,0.019101,Четверг,Будни
isaac,3,17,День,False,33,0.018539,Четверг,Будни
isaac,3,18,Вечер,False,27,0.015169,Четверг,Будни
isaac,3,19,Вечер,False,23,0.012921,Четверг,Будни
isaac,3,20,Вечер,False,2,0.001124,Четверг,Будни
isaac,3,21,Вечер,False,2,0.001124,Четверг,Будни
isaac,3,22,Вечер,False,7,0.003933,Четверг,Будни
isaac,3,23,Вечер,False,2,0.001124,Четверг,Будни
isaac,4,0,Ночь,False,10,0.005618,Пятница,Будни
isaac,4,1,Ночь,False,1,0.000562,Пятница,Будни
isaac,4,2,Ночь,False,0,0.0,Пятница,Будни
isaac,4,3,Ночь,False,0,0.0,Пятница,Будни
isaac,4,4,Ночь,False,0,0.0,Пятница,Будни
isaac,4,5,Ночь,False,5,0.002809,Пятница,Будни
isaac,4,6,Утро,False,27,0.015169,Пятница,Будни
isaac,4,7,Утро,False,26,0.014607,Пятница,Будни
isaac,4,8,Утро,False,15,0.008427,Пятница,Будни
isaac,4,9,Утро,False,19,0.010674,Пятница,Будни
isaac,4,10,Утро,False,35,0.019663,Пятница,Будни
isaac,4,11,Утро,False,34,0.019101,Пятница,Будни
isaac,4,12,День,False,8,0.004494,Пятница,Будни
isaac,4,13,День,False,11,0.00618,Пятница,Будни
isaac,4,14,День,False,52,0.029213,Пятница,Будни
isaac,4,15,День,False,54,0.030337,Пятница,Будни
isaac,4,16,День,False,52,0.029213,Пятница,Будни
isaac,4,17,День,False,37,0.020787,Пятница,Будни
isaac,4,18,Вечер,False,20,0.011236,Пятница,Будни
isaac,4,19,Вечер,False,10,0.005618,Пятница,Будни
isaac,4,20,Вечер,False,23,0.012921,Пятница,Будни
isaac,4,21,Вечер,False,19,0.010674,Пятница,Будни
isaac,4,22,Вечер,False,9,0.005056,Пятница,Будни
isaac,4,23,Вечер,False,13,0.007303,Пятница,Будни
isaac,5,0,Ночь,True,10,0.005618,Суббота,Выходные
isaac,5,1,Ночь,True,19,0.010674,Суббота,Выходные
isaac,5,2,Ночь,True,28,0.01573,Суббота,Выходные
isaac,5,3,Ночь,True,10,0.005618,Суббота,Выходные
isaac,5,4,Ночь,True,13,0.007303,Суббота,Выходные
isaac,5,5,Ночь,True,7,0.003933,Суббота,Выходные
isaac,5,6,Утро,True,0,0.0,Суббота,Выходные
isaac,5,7,Утро,True,1,0.000562,Суббота,Выходные
isaac,5,8,Утро,True,0,0.0,Суббота,Выходные
isaac,5,9,Утро,True,20,0.011236,Суббота,Выходные
isaac,5,10,Утро,True,16,0.008989,Суббота,Выходные
isaac,5,11,Утро,True,11,0.00618,Суббота,Выходные
isaac,5,12,День,True,19,0.010674,Суббота,Выходные
isaac,5,13,День,True,54,0.030337,Суббота,Выходные
isaac,5,14,День,True,20,0.011236,Суббота,Выходные
isaac,5,15,День,True,33,0.018539,Суббота,Выходные
isaac,5,16,День,True,29,0.016292,Суббота,Выходные
isaac,5,17,День,True,26,0.014607,Суббота,Выходные
isaac,5,18,Вечер,True,21,0.011798,Суббота,Выходные
isaac,5,19,Вечер,True,22,0.01236,Суббота,Выходные
isaac,5,20,Вечер,True,19,0.010674,Суббота,Выходные
isaac,5,21,Вечер,True,7,0.003933,Суббота,Выходные
isaac,5,22,Вечер,True,21,0.011798,Суббота,Выходные
isaac,5,23,Вечер,True,3,0.001685,Суббота,Выходные
isaac,6,0,Ночь,True,0,0.0,Воскресенье,Выходные
isaac,6,1,Ночь,True,0,0.0,Воскресенье,Выходные
isaac,6,2,Ночь,True,0,0.0,Воскресенье,Выходные
isaac,6,3,Ночь,True,0,0.0,Воскресенье,Выходные
isaac,6,4,Ночь,True,0,0.0,Воскресенье,Выходные
isaac,6,5,Ночь,True,0,0.0,Воскресенье,Выходные
isaac,6,6,Утро,True,0,0.0,Воскресенье,Выходные
isaac,6,7,Утро,True,0,0.0,Воскресенье,Выходные
isaac,6,8,Утро,True,22,0.01236,Воскресенье,Выходные
isaac,6,9,Утро,True,18,0.010112,Воскресенье,Выходные
isaac,6,10,Утро,True,10,0.005618,Воскресенье,Выходные
isaac,6,11,Утро,True,25,0.014045,Воскресенье,Выходные
isaac,6,12,День,True,61,0.03427,Воскресенье,Выходные
isaac,6,13,День,True,47,0.026404,Воскресенье,Выходные
isaac,6,14,День,True,26,0.014607,Воскресенье,Выходные
isaac,6,15,День,True,12,0.006742,Воскресенье,Выходные
isaac,6,16,День,True,15,0.008427,Воскресенье,Выходные
isaac,6,17,День,True,6,0.003371,Воскресенье,Выходные
isaac,6,18,Вечер,True,28,0.01573,Воскресенье,Выходные
isaac,6,19,Вечер,True,10,0.005618,Воскресенье,Выходные
isaac,6,20,Вечер,True,17,0.009551,Воскресенье,Выходные
isaac,6,21,Вечер,True,14,0.007865,Воскресенье,Выходные
isaac,6,22,Вечер,True,29,0.016292,Воскресенье,Выходные
isaac,6,23,Вечер,True,57,0.032022,Воскресенье,Выходные
jajo,0,0,Ночь,False,0,0.0,Понедельник,Будни
jajo,0,1,Ночь,False,0,0.0,Понедельник,Будни
jajo,0,2,Ночь,False,0,0.0,Понедельник,Будни
jajo,0,3,Ночь,False,0,0.0,Понедельник,Будни
jajo,0,4,Ночь,False,0,0.0,Понедельник,Будни
jajo,0,5,Ночь,False,0,0.0,Понедельник,Будни
jajo,0,6,Утро,False,0,0.0,Понедельник,Будни
jajo,0,7,Утро,False,0,0.0,Понедельник,Будни
jajo,0,8,Утро,False,0,0.0,Понедельник,Будни
jajo,0,9,Утро,False,0,0.0,Понедельник,Будни
jajo,0,10,Утро,False,10,0.009074,Понедельник,Будни
jajo,0,11,Утро,False,20,0.018149,Понедельник,Будни
jajo,0,12,День,False,2,0.001815,Понедельник,Будни
jajo,0,13,День,False,1,0.000907,Понедельник,Будни
jajo,0,14,День,False,8,0.00726,Понедельник,Будни
jajo,0,15,День,False,0,0.0,Понедельник,Будни
jajo,0,16,День,False,1,0.000907,Понедельник,Будни
jajo,0,17,День,False,0,0.0,Понедельник,Будни
jajo,0,18,Вечер,False,0,0.0,Понедельник,Будни
jajo,0,19,Вечер,False,0,0.0,Понедельник,Будни
jajo,0,20,Вечер,False,0,0.0,Понедельник,Будни
jajo,0,21,Вечер,False,0,0.0,Понедельник,Будни
jajo,0,22,Вечер,False,0,0.0,Понедельник,Будни
jajo,0,23,Вечер,False,4,0.00363,Понедельник,Будни
jajo,1,0,Ночь,False,13,0.011797,Вторник,Будни
jajo,1,1,Ночь,False,0,0.0,Вторник,Будни
jajo,1,2,Ночь,False,0,0.0,Вторник,Будни
jajo,1,3,Ночь,False,0,0.0,Вторник,Будни
jajo,1,4,Ночь,False,0,0.0,Вторник,Будни
jajo,1,5,Ночь,False,0,0.0,Вторник,Будни
jajo,1,6,Утро,False,14,0.012704,Вторник,Будни
jajo,1,7,Утро,False,6,0.005445,Вторник,Будни
jajo,1,8,Утро,False,4,0.00363,Вторник,Будни
jajo,1,9,Утро,False,3,0.002722,Вторник,Будни
jajo,1,10,Утро,False,7,0.006352,Вторник,Будни
jajo,1,11,Утро,False,0,0.0,Вторник,Будни
jajo,1,12,День,False,0,0.0,Вторник,Будни
jajo,1,13,День,False,0,0.0,Вторник,Будни
jajo,1,14,День,False,0,0.0,Вторник,Будни
jajo,1,15,День,False,0,0.0,Вторник,Будни
jajo,1,16,День,False,0,0.0,Вторник,Будни
jajo,1,17,День,False,3,0.002722,Вторник,Будни
jajo,1,18,Вечер,False,24,0.021779,Вторник,Будни
jajo,1,19,Вечер,False,3,0.002722,Вторник,Будни
jajo,1,20,Вечер,False,0,0.0,Вторник,Будни
jajo,1,21,Вечер,False,0,0.0,Вторник,Будни
jajo,1,22,Вечер,False,0,0.0,Вторник,Будни
jajo,1,23,Вечер,False,5,0.004537,Вторник,Будни
jajo,2,0,Ночь,False,11,0.009982,Среда,Будни
jajo,2,1,Ночь,False,0,0.0,Среда,Будни
jajo,2,2,Ночь,False,11,0.009982,Среда,Будни
jajo,2,3,Ночь,False,0,0.0,Среда,Будни
jajo,2,4,Ночь,False,1,0.000907,Среда,Будни
jajo,2,5,Ночь,False,0,0.0,Среда,Будни
jajo,2,6,Утро,False,10,0.009074,Среда,Будни
jajo,2,7,Утро,False,0,0.0,Среда,Будни
jajo,2,8,Утро,False,0,0.0,Среда,Будни
jajo,2,9,Утро,False,0,0.0,Среда,Будни
jajo,2,10,Утро,False,0,0.0,Среда,Будни
jajo,2,11,Утро,False,0,0.0,Среда,Будни
jajo,2,12,День,False,0,0.0,Среда,Будни
jajo,2,13,День,False,3,0.002722,Среда,Будни
jajo,2,14,День,False,4,0.00363,Среда,Будни
jajo,2,15,День,False,16,0.014519,Среда,Будни
jajo,2,16,День,False,2,0.001815,Среда,Будни
jajo,2,17,День,False,6,0.005445,Среда,Будни
jajo,2,18,Вечер,False,4,0.00363,Среда,Будни
jajo,2,19,Вечер,False,3,0.002722,Среда,Будни
jajo,2,20,Вечер,False,4,0.00363,Среда,Будни
jajo,2,21,Вечер,False,0,0.0,Среда,Будни
jajo,2,22,Вечер,False,2,0.001815,Среда,Будни
jajo,2,23,Вечер,False,0,0.0,Среда,Будни
jajo,3,0,Ночь,False,0,0.0,Четверг,Будни
jajo,3,1,Ночь,False,0,0.0,Четверг,Будни
jajo,3,2,Ночь,False,0,0.0,Четверг,Будни
jajo,3,3,Ночь,False,0,0.0,Четверг,Будни
jajo,3,4,Ночь,False,0,0.0,Четверг,Будни
jajo,3,5,Ночь,False,0,0.0,Четверг,Будни
jajo,3,6,Утро,False,0,0.0,Четверг,Будни
jajo,3,7,Утро,False,0,0.0,Четверг,Будни
jajo,3,8,Утро,False,0,0.0,Четверг,Будни
jajo,3,9,Утро,False,0,0.0,Четверг,Будни
jajo,3,10,Утро,False,0,0.0,Четверг,Будни
jajo,3,11,Утро,False,0,0.0,Четверг,Будни
jajo,3,12,День,False,0,0.0,Четверг,Будни
jajo,3,13,День,False,10,0.009074,Четверг,Будни
jajo,3,14,День,False,15,0.013612,Четверг,Будни
jajo,3,15,День,False,5,0.004537,Четверг,Будни
jajo,3,16,День,False,24,0.021779,Четверг,Будни
jajo,3,17,День,False,9,0.008167,Четверг,Будни
jajo,3,18,Вечер,False,4,0.00363,Четверг,Будни
jajo,3,19,Вечер,False,0,0.0,Четверг,Будни
jajo,3,20,Вечер,False,0,0.0,Четверг,Будни
jajo,3,21,Вечер,False,2,0.001815,Четверг,Будни
jajo,3,22,Вечер,False,7,0.006352,Четверг,Будни
jajo,3,23,Вечер,False,2,0.001815,Четверг,Будни
jajo,4,0,Ночь,False,0,0.0,Пятница,Будни
jajo,4,1,Ночь,False,0,0.0,Пятница,Будни
jajo,4,2,Ночь,False,0,0.0,Пятница,Будни
jajo,4,3,Ночь,False,0,0.0,Пятница,Будни
jajo,4,4,Ночь,False,0,0.0,Пятница,Будни
jajo,4,5,Ночь,False,0,0.0,Пятница,Будни
jajo,4,6,Утро,False,15,0.013612,Пятница,Будни
jajo,4,7,Утро,False,20,0.018149,Пятница,Будни
jajo,4,8,Утро,False,3,0.002722,Пятница,Будни
jajo,4,9,Утро,False,11,0.009982,Пятница,Будни
jajo,4,10,Утро,False,28,0.025408,Пятница,Будни
jajo,4,11,Утро,False,20,0.018149,Пятница,Будни
jajo,4,12,День,False,0,0.0,Пятница,Будни
jajo,4,13,День,False,9,0.008167,Пятница,Будни
jajo,4,14,День,False,23,0.020871,Пятница,Будни
jajo,4,15,День,False,1,0.000907,Пятница,Будни
jajo,4,16,День,False,13,0.011797,Пятница,Будни
jajo,4,17,День,False,28,0.025408,Пятница,Будни
jajo,4,18,Вечер,False,11,0.009982,Пятница,Будни
jajo,4,19,Вечер,False,0,0.0,Пятница,Будни
jajo,4,20,Вечер,False,17,0.015426,Пятница,Будни
jajo,4,21,Вечер,False,18,0.016334,Пятница,Будни
jajo,4,22,Вечер,False,9,0.008167,Пятница,Будни
jajo,4,23,Вечер,False,8,0.00726,Пятница,Будни
jajo,5,0,Ночь,True,10,0.009074,Суббота,Выходные
jajo,5,1,Ночь,True,18,0.016334,Суббота,Выходные
jajo,5,2,Ночь,True,25,0.022686,Суббота,Выходные
jajo,5,3,Ночь,True,10,0.009074,Суббота,Выходные
jajo,5,4,Ночь,True,13,0.011797,Суббота,Выходные
jajo,5,5,Ночь,True,7,0.006352,Суббота,Выходные
jajo,5,6,Утро,True,0,0.0,Суббота,Выходные
jajo,5,7,Утро,True,1,0.000907,Суббота,Выходные
jajo,5,8,Утро,True,0,0.0,Суббота,Выходные
jajo,5,9,Утро,True,7,0.006352,Суббота,Выходные
jajo,5,10,Утро,True,10,0.009074,Суббота,Выходные
jajo,5,11,Утро,True,8,0.00726,Суббота,Выходные
jajo,5,12,День,True,3,0.002722,Суббота,Выходные
jajo,5,13,День,True,24,0.021779,Суббота,Выходные
jajo,5,14,День,True,3,0.002722,Суббота,Выходные
jajo,5,15,День,True,27,0.024501,Суббота,Выходные
jajo,5,16,День,True,24,0.021779,Суббота,Выходные
jajo,5,17,День,True,19,0.017241,Суббота,Выходные
jajo,5,18,Вечер,True,20,0.018149,Суббота,Выходные
jajo,5,19,Вечер,True,21,0.019056,Суббота,Выходные
jajo,5,20,Вечер,True,19,0.017241,Суббота,Выходные
jajo,5,21,Вечер,True,5,0.004537,Суббота,Выходные
jajo,5,22,Вечер,True,9,0.008167,Суббота,Выходные
jajo,5,23,Вечер,True,1,0.000907,Суббота,Выходные
jajo,6,0,Ночь,True,0,0.0,Воскресенье,Выходные
jajo,6,1,Ночь,True,0,0.0,Воскресенье,Выходные
jajo,6,2,Ночь,True,0,0.0,Воскресенье,Выходные
jajo,6,3,Ночь,True,0,0.0,Воскресенье,Выходные
jajo,6,4,Ночь,True,0,0.0,Воскресенье,Выходные
jajo,6,5,Ночь,True,0,0.0,Воскресенье,Выходные
jajo,6,6,Утро,True,0,0.0,Воскресенье,Выходные
jajo,6,7,Утро,True,0,0.0,Воскресенье,Выходные
jajo,6,8,Утро,True,7,0.006352,Воскресенье,Выходные
jajo,6,9,Утро,True,7,0.006352,Воскресенье,Выходные
jajo,6,10,Утро,True,8,0.00726,Воскресенье,Выходные
jajo,6,11,Утро,True,18,0.016334,Воскресенье,Выходные
jajo,6,12,День,True,55,0.049909,Воскресенье,Выходные
jajo,6,13,День,True,20,0.018149,Воскресенье,Выходные
jajo,6,14,День,True,14,0.012704,Воскресенье,Выходные
jajo,6,15,День,True,11,0.009982,Воскресенье,Выходные
jajo,6,16,День,True,33,0.029946,Воскресенье,Выходные
jajo,6,17,День,True,18,0.016334,Воскресенье,Выходные
jajo,6,18,Вечер,True,22,0.019964,Воскресенье,Выходные
jajo,6,19,Вечер,True,8,0.00726,Воскресенье,Выходные
jajo,6,20,Вечер,True,12,0.010889,Воскресенье,Выходные
jajo,6,21,Вечер,True,14,0.012704,Воскресенье,Выходные
jajo,6,22,Вечер,True,19,0.017241,Воскресенье,Выходные
jajo,6,23,Вечер,True,35,0.03176,Воскресенье,Выходные
jonocole,0,0,Ночь,False,18,0.001045,Понедельник,Будни
jonocole,0,1,Ночь,False,1,5.8e-05,Понедельник,Будни
jonocole,0,2,Ночь,False,15,0.000871,Понедельник,Будни
jonocole,0,3,Ночь,False,35,0.002031,Понедельник,Будни
jonocole,0,4,Ночь,False,29,0.001683,Понедельник,Будни
jonocole,0,5,Ночь,False,25,0.001451,Понедельник,Будни
jonocole,0,6,Утро,False,2,0.000116,Понедельник,Будни
jonocole,0,7,Утро,False,8,0.000464,Понедельник,Будни
jonocole,0,8,Утро,False,5,0.00029,Понедельник,Будни
jonocole,0,9,Утро,False,19,0.001103,Понедельник,Будни
jonocole,0,10,Утро,False,37,0.002147,Понедельник,Будни
jonocole,0,11,Утро,False,66,0.003831,Понедельник,Будни
jonocole,0,12,День,False,16,0.000929,Понедельник,Будни
jonocole,0,13,День,False,32,0.001857,Понедельник,Будни
jonocole,0,14,День,False,50,0.002902,Понедельник,Будни
jonocole,0,15,День,False,59,0.003424,Понедельник,Будни
jonocole,0,16,День,False,44,0.002554,Понедельник,Будни
jonocole,0,17,День,False,36,0.002089,Понедельник,Будни
jonocole,0,18,Вечер,False,41,0.00238,Понедельник,Будни
jonocole,0,19,Вечер,False,46,0.00267,Понедельник,Будни
jonocole,0,20,Вечер,False,46,0.00267,Понедельник,Будни
jonocole,0,21,Вечер,False,27,0.001567,Понедельник,Будни
jonocole,0,22,Вечер,False,60,0.003482,Понедельник,Будни
jonocole,0,23,Вечер,False,19,0.001103,Понедельник,Будни
jonocole,1,0,Ночь,False,38,0.002205,Вторник,Будни
jonocole,1,1,Ночь,False,11,0.000638,Вторник,Будни
jonocole,1,2,Ночь,False,24,0.001393,Вторник,Будни
jonocole,1,3,Ночь,False,22,0.001277,Вторник,Будни
jonocole,1,4,Ночь,False,29,0.001683,Вторник,Будни
jonocole,1,5,Ночь,False,27,0.001567,Вторник,Будни
jonocole,1,6,Утро,False,22,0.001277,Вторник,Будни
jonocole,1,7,Утро,False,26,0.001509,Вторник,Будни
jonocole,1,8,Утро,False,20,0.001161,Вторник,Будни
jonocole,1,9,Утро,False,12,0.000696,Вторник,Будни
jonocole,1,10,Утро,False,47,0.002728,Вторник,Будни
jonocole,1,11,Утро,False,59,0.003424,Вторник,Будни
jonocole,1,12,День,False,56,0.00325,Вторник,Будни
jonocole,1,13,День,False,40,0.002322,Вторник,Будни
jonocole,1,14,День,False,40,0.002322,Вторник,Будни
jonocole,1,15,День,False,27,0.001567,Вторник,Будни
jonocole,1,16,День,False,59,0.003424,Вторник,Будни
jonocole,1,17,День,False,41,0.00238,Вторник,Будни
jonocole,1,18,Вечер,False,68,0.003947,Вторник,Будни
jonocole,1,19,Вечер,False,45,0.002612,Вторник,Будни
jonocole,1,20,Вечер,False,25,0.001451,Вторник,Будни
jonocole,1,21,Вечер,False,49,0.002844,Вторник,Будни
jonocole,1,22,Вечер,False,34,0.001973,Вторник,Будни
jonocole,1,23,Вечер,False,42,0.002438,Вторник,Будни
jonocole,2,0,Ночь,False,36,0.002089,Среда,Будни
jonocole,2,1,Ночь,False,33,0.001915,Среда,Будни
jonocole,2,2,Ночь,False,41,0.00238,Среда,Будни
jonocole,2,3,Ночь,False,0,0.0,Среда,Будни
jonocole,2,4,Ночь,False,18,0.001045,Среда,Будни
jonocole,2,5,Ночь,False,12,0.000696,Среда,Будни
jonocole,2,6,Утро,False,16,0.000929,Среда,Будни
jonocole,2,7,Утро,False,6,0.000348,Среда,Будни
jonocole,2,8,Утро,False,12,0.000696,Среда,Будни
jonocole,2,9,Утро,False,34,0.001973,Среда,Будни
jonocole,2,10,Утро,False,31,0.001799,Среда,Будни
jonocole,2,11,Утро,False,64,0.003714,Среда,Будни
jonocole,2,12,День,False,87,0.005049,Среда,Будни
jonocole,2,13,День,False,74,0.004295,Среда,Будни
jonocole,2,14,День,False,52,0.003018,Среда,Будни
jonocole,2,15,День,False,113,0.006558,Среда,Будни
jonocole,2,16,День,False,103,0.005978,Среда,Будни
jonocole,2,17,День,False,55,0.003192,Среда,Будни
jonocole,2,18,Вечер,False,77,0.004469,Среда,Будни
jonocole,2,19,Вечер,False,56,0.00325,Среда,Будни
jonocole,2,20,Вечер,False,39,0.002263,Среда,Будни
jonocole,2,21,Вечер,False,65,0.003772,Среда,Будни
jonocole,2,22,Вечер,False,75,0.004353,Среда,Будни
jonocole,2,23,Вечер,False,80,0.004643,Среда,Будни
jonocole,3,0,Ночь,False,24,0.001393,Четверг,Будни
jonocole,3,1,Ночь,False,27,0.001567,Четверг,Будни
jonocole,3,2,Ночь,False,37,0.002147,Четверг,Будни
jonocole,3,3,Ночь,False,23,0.001335,Четверг,Будни
jonocole,3,4,Ночь,False,33,0.001915,Четверг,Будни
jonocole,3,5,Ночь,False,22,0.001277,Четверг,Будни
jonocole,3,6,Утро,False,18,0.001045,Четверг,Будни
jonocole,3,7,Утро,False,39,0.002263,Четверг,Будни
jonocole,3,8,Утро,False,58,0.003366,Четверг,Будни
jonocole,3,9,Утро,False,28,0.001625,Четверг,Будни
jonocole,3,10,Утро,False,54,0.003134,Четверг,Будни
jonocole,3,11,Утро,False,50,0.002902,Четверг,Будни
jonocole,3,12,День,False,58,0.003366,Четверг,Будни
jonocole,3,13,День,False,130,0.007545,Четверг,Будни
jonocole,3,14,День,False,154,0.008938,Четверг,Будни
jonocole,3,15,День,False,61,0.00354,Четверг,Будни
jonocole,3,16,День,False,133,0.007719,Четверг,Будни
jonocole,3,17,День,False,182,0.010563,Четверг,Будни
jonocole,3,18,Вечер,False,134,0.007777,Четверг,Будни
jonocole,3,19,Вечер,False,82,0.004759,Четверг,Будни
jonocole,3,20,Вечер,False,82,0.004759,Четверг,Будни
jonocole,3,21,Вечер,False,68,0.003947,Четверг,Будни
jonocole,3,22,Вечер,False,37,0.002147,Четверг,Будни
jonocole,3,23,Вечер,False,59,0.003424,Четверг,Будни
jonocole,4,0,Ночь,False,129,0.007487,Пятница,Будни
jonocole,4,1,Ночь,False,65,0.003772,Пятница,Будни
jonocole,4,2,Ночь,False,76,0.004411,Пятница,Будни
jonocole,4,3,Ночь,False,49,0.002844,Пятница,Будни
jonocole,4,4,Ночь,False,47,0.002728,Пятница,Будни
jonocole,4,5,Ночь,False,28,0.001625,Пятница,Будни
jonocole,4,6,Утро,False,48,0.002786,Пятница,Будни
jonocole,4,7,Утро,False,66,0.003831,Пятница,Будни
jonocole,4,8,Утро,False,45,0.002612,Пятница,Будни
jonocole,4,9,Утро,False,129,0.007487,Пятница,Будни
jonocole,4,10,Утро,False,158,0.00917,Пятница,Будни
jonocole,4,11,Утро,False,157,0.009112,Пятница,Будни
jonocole,4,12,День,False,113,0.006558,Пятница,Будни
jonocole,4,13,День,False,131,0.007603,Пятница,Будни
jonocole,4,14,День,False,140,0.008125,Пятница,Будни
jonocole,4,15,День,False,218,0.012652,Пятница,Будни
jonocole,4,16,День,False,227,0.013175,Пятница,Будни
jonocole,4,17,День,False,204,0.01184,Пятница,Будни
jonocole,4,18,Вечер,False,185,0.010737,Пятница,Будни
jonocole,4,19,Вечер,False,190,0.011027,Пятница,Будни
jonocole,4,20,Вечер,False,203,0.011782,Пятница,Будни
jonocole,4,21,Вечер,False,162,0.009402,Пятница,Будни
jonocole,4,22,Вечер,False,157,0.009112,Пятница,Будни
jonocole,4,23,Вечер,False,144,0.008358,Пятница,Будни
jonocole,5,0,Ночь,True,118,0.006849,Суббота,Выходные
jonocole,5,1,Ночь,True,140,0.008125,Суббота,Выходные
jonocole,5,2,Ночь,True,84,0.004875,Суббота,Выходные
jonocole,5,3,Ночь,True,46,0.00267,Суббота,Выходные
jonocole,5,4,Ночь,True,34,0.001973,Суббота,Выходные
jonocole,5,5,Ночь,True,41,0.00238,Суббота,Выходные
jonocole,5,6,Утро,True,30,0.001741,Суббота,Выходные
jonocole,5,7,Утро,True,14,0.000813,Суббота,Выходные
jonocole,5,8,Утро,True,42,0.002438,Суббота,Выходные
jonocole,5,9,Утро,True,94,0.005456,Суббота,Выходные
jonocole,5,10,Утро,True,171,0.009925,Суббота,Выходные
jonocole,5,11,Утро,True,220,0.012768,Суббота,Выходные
jonocole,5,12,День,True,163,0.00946,Суббота,Выходные
jonocole,5,13,День,True,171,0.009925,Суббота,Выходные
jonocole,5,14,День,True,201,0.011666,Суббота,Выходные
jonocole,5,15,День,True,184,0.010679,Суббота,Выходные
jonocole,5,16,День,True,181,0.010505,Суббота,Выходные
jonocole,5,17,День,True,332,0.019269,Суббота,Выходные
jonocole,5,18,Вечер,True,358,0.020778,Суббота,Выходные
jonocole,5,19,Вечер,True,295,0.017121,Суббота,Выходные
jonocole,5,20,Вечер,True,287,0.016657,Суббота,Выходные
jonocole,5,21,Вечер,True,179,0.010389,Суббота,Выходные
jonocole,5,22,Вечер,True,201,0.011666,Суббота,Выходные
jonocole,5,23,Вечер,True,191,0.011085,Суббота,Выходные
jonocole,6,0,Ночь,True,131,0.007603,Воскресенье,Выходные
jonocole,6,1,Ночь,True,122,0.007081,Воскресенье,Выходные
jonocole,6,2,Ночь,True,118,0.006849,Воскресенье,Выходные
jonocole,6,3,Ночь,True,108,0.006268,Воскресенье,Выходные
jonocole,6,4,Ночь,True,62,0.003598,Воскресенье,Выходные
jonocole,6,5,Ночь,True,101,0.005862,Воскресенье,Выходные
jonocole,6,6,Утро,True,64,0.003714,Воскресенье,Выходные
jonocole,6,7,Утро,True,46,0.00267,Воскресенье,Выходные
jonocole,6,8,Утро,True,89,0.005165,Воскресенье,Выходные
jonocole,6,9,Утро,True,196,0.011376,Воскресенье,Выходные
jonocole,6,10,Утро,True,234,0.013581,Воскресенье,Выходные
jonocole,6,11,Утро,True,295,0.017121,Воскресенье,Выходные
jonocole,6,12,День,True,238,0.013813,Воскресенье,Выходные
jonocole,6,13,День,True,300,0.017411,Воскресенье,Выходные
jonocole,6,14,День,True,341,0.019791,Воскресенье,Выходные
jonocole,6,15,День,True,390,0.022635,Воскресенье,Выходные
jonocole,6,16,День,True,482,0.027974,Воскресенье,Выходные
jonocole,6,17,День,True,416,0.024144,Воскресенье,Выходные
jonocole,6,18,Вечер,True,454,0.026349,Воскресенье,Выходные
jonocole,6,19,Вечер,True,446,0.025885,Воскресенье,Выходные
jonocole,6,20,Вечер,True,349,0.020255,Воскресенье,Выходные
jonocole,6,21,Вечер,True,280,0.016251,Воскресенье,Выходные
jonocole,6,22,Вечер,True,366,0.021242,Воскресенье,Выходные
jonocole,6,23,Вечер,True,383,0.022229,Воскресенье,Выходные
lobsterclaw,0,0,Ночь,False,0,0.0,Понедельник,Будни
lobsterclaw,0,1,Ночь,False,0,0.0,Понедельник,Будни
lobsterclaw,0,2,Ночь,False,0,0.0,Понедельник,Будни
lobsterclaw,0,3,Ночь,False,0,0.0,Понедельник,Будни
lobsterclaw,0,4,Ночь,False,0,0.0,Понедельник,Будни
lobsterclaw,0,5,Ночь,False,0,0.0,Понедельник,Будни
lobsterclaw,0,6,Утро,False,0,0.0,Понедельник,Будни
lobsterclaw,0,7,Утро,False,0,0.0,Понедельник,Будни
lobsterclaw,0,8,Утро,False,0,0.0,Понедельник,Будни
lobsterclaw,0,9,Утро,False,0,0.0,Понедельник,Будни
lobsterclaw,0,10,Утро,False,10,0.009407,Понедельник,Будни
lobsterclaw,0,11,Утро,False,20,0.018815,Понедельник,Будни
lobsterclaw,0,12,День,False,2,0.001881,Понедельник,Будни
lobsterclaw,0,13,День,False,1,0.000941,Понедельник,Будни
lobsterclaw,0,14,День,False,8,0.007526,Понедельник,Будни
lobsterclaw,0,15,День,False,0,0.0,Понедельник,Будни
lobsterclaw,0,16,День,False,1,0.000941,Понедельник,Будни
lobsterclaw,0,17,День,False,0,0.0,Понедельник,Будни
lobsterclaw,0,18,Вечер,False,0,0.0,Понедельник,Будни
lobsterclaw,0,19,Вечер,False,0,0.0,Понедельник,Будни
lobsterclaw,0,20,Вечер,False,0,0.0,Понедельник,Будни
lobsterclaw,0,21,Вечер,False,0,0.0,Понедельник,Будни
lobsterclaw,0,22,Вечер,False,0,0.0,Понедельник,Будни
lobsterclaw,0,23,Вечер,False,4,0.003763,Понедельник,Будни
lobsterclaw,1,0,Ночь,False,13,0.01223,Вторник,Будни
lobsterclaw,1,1,Ночь,False,0,0.0,Вторник,Будни
lobsterclaw,1,2,Ночь,False,0,0.0,Вторник,Будни
lobsterclaw,1,3,Ночь,False,0,0.0,Вторник,Будни
lobsterclaw,1,4,Ночь,False,0,0.0,Вторник,Будни
lobsterclaw,1,5,Ночь,False,0,0.0,Вторник,Будни
lobsterclaw,1,6,Утро,False,14,0.01317,Вторник,Будни
lobsterclaw,1,7,Утро,False,6,0.005644,Вторник,Будни
lobsterclaw,1,8,Утро,False,4,0.003763,Вторник,Будни
lobsterclaw,1,9,Утро,False,3,0.002822,Вторник,Будни
lobsterclaw,1,10,Утро,False,7,0.006585,Вторник,Будни
lobsterclaw,1,11,Утро,False,0,0.0,Вторник,Будни
lobsterclaw,1,12,День,False,0,0.0,Вторник,Будни
lobsterclaw,1,13,День,False,0,0.0,Вторник,Будни
lobsterclaw,1,14,День,False,0,0.0,Вторник,Будни
lobsterclaw,1,15,День,False,0,0.0,Вторник,Будни
lobsterclaw,1,16,День,False,0,0.0,Вторник,Будни
lobsterclaw,1,17,День,False,3,0.002822,Вторник,Будни
lobsterclaw,1,18,Вечер,False,24,0.022578,Вторник,Будни
lobsterclaw,1,19,Вечер,False,3,0.002822,Вторник,Будни
lobsterclaw,1,20,Вечер,False,0,0.0,Вторник,Будни
lobsterclaw,1,21,Вечер,False,0,0.0,Вторник,Будни
lobsterclaw,1,22,Вечер,False,0,0.0,Вторник,Будни
lobsterclaw,1,23,Вечер,False,5,0.004704,Вторник,Будни
lobsterclaw,2,0,Ночь,False,11,0.010348,Среда,Будни
lobsterclaw,2,1,Ночь,False,0,0.0,Среда,Будни
lobsterclaw,2,2,Ночь,False,11,0.010348,Среда,Будни
lobsterclaw,2,3,Ночь,False,0,0.0,Среда,Будни
lobsterclaw,2,4,Ночь,False,1,0.000941,Среда,Будни
lobsterclaw,2,5,Ночь,False,0,0.0,Среда,Будни
lobsterclaw,2,6,Утро,False,10,0.009407,Среда,Будни
lobsterclaw,2,7,Утро,False,0,0.0,Среда,Будни
lobsterclaw,2,8,Утро,False,0,0.0,Среда,Будни
lobsterclaw,2,9,Утро,False,0,0.0,Среда,Будни
lobsterclaw,2,10,Утро,False,0,0.0,Среда,Будни
lobsterclaw,2,11,Утро,False,0,0.0,Среда,Будни
lobsterclaw,2,12,День,False,0,0.0,Среда,Будни
lobsterclaw,2,13,День,False,3,0.002822,Среда,Будни
lobsterclaw,2,14,День,False,4,0.003763,Среда,Будни
lobsterclaw,2,15,День,False,16,0.015052,Среда,Будни
lobsterclaw,2,16,День,False,2,0.001881,Среда,Будни
lobsterclaw,2,17,День,False,6,0.005644,Среда,Будни
lobsterclaw,2,18,Вечер,False,4,0.003763,Среда,Будни
lobsterclaw,2,19,Вечер,False,3,0.002822,Среда,Будни
lobsterclaw,2,20,Вечер,False,4,0.003763,Среда,Будни
lobsterclaw,2,21,Вечер,False,0,0.0,Среда,Будни
lobsterclaw,2,22,Вечер,False,2,0.001881,Среда,Будни
lobsterclaw,2,23,Вечер,False,0,0.0,Среда,Будни
lobsterclaw,3,0,Ночь,False,0,0.0,Четверг,Будни
lobsterclaw,3,1,Ночь,False,0,0.0,Четверг,Будни
lobsterclaw,3,2,Ночь,False,0,0.0,Четверг,Будни
lobsterclaw,3,3,Ночь,False,0,0.0,Четверг,Будни
lobsterclaw,3,4,Ночь,False,0,0.0,Четверг,Будни
lobsterclaw,3,5,Ночь,False,0,0.0,Четверг,Будни
lobsterclaw,3,6,Утро,False,0,0.0,Четверг,Будни
lobsterclaw,3,7,Утро,False,0,0.0,Четверг,Будни
lobsterclaw,3,8,Утро,False,0,0.0,Четверг,Будни
lobsterclaw,3,9,Утро,False,0,0.0,Четверг,Будни
lobsterclaw,3,10,Утро,False,0,0.0,Четверг,Будни
lobsterclaw,3,11,Утро,False,0,0.0,Четверг,Будни
lobsterclaw,3,12,День,False,0,0.0,Четверг,Будни
lobsterclaw,3,13,День,False,10,0.009407,Четверг,Будни
lobsterclaw,3,14,День,False,15,0.014111,Четверг,Будни
lobsterclaw,3,15,День,False,5,0.004704,Четверг,Будни
lobsterclaw,3,16,День,False,24,0.022578,Четверг,Будни
lobsterclaw,3,17,День,False,9,0.008467,Четверг,Будни
lobsterclaw,3,18,Вечер,False,4,0.003763,Четверг,Будни
lobsterclaw,3,19,Вечер,False,0,0.0,Четверг,Будни
lobsterclaw,3,20,Вечер,False,0,0.0,Четверг,Будни
lobsterclaw,3,21,Вечер,False,2,0.001881,Четверг,Будни
lobsterclaw,3,22,Вечер,False,7,0.006585,Четверг,Будни
lobsterclaw,3,23,Вечер,False,2,0.001881,Четверг,Будни
lobsterclaw,4,0,Ночь,False,10,0.009407,Пятница,Будни
lobsterclaw,4,1,Ночь,False,1,0.000941,Пятница,Будни
lobsterclaw,4,2,Ночь,False,0,0.0,Пятница,Будни
lobsterclaw,4,3,Ночь,False,0,0.0,Пятница,Будни
lobsterclaw,4,4,Ночь,False,0,0.0,Пятница,Будни
lobsterclaw,4,5,Ночь,False,0,0.0,Пятница,Будни
lobsterclaw,4,6,Утро,False,15,0.014111,Пятница,Будни
lobsterclaw,4,7,Утро,False,20,0.018815,Пятница,Будни
lobsterclaw,4,8,Утро,False,3,0.002822,Пятница,Будни
lobsterclaw,4,9,Утро,False,11,0.010348,Пятница,Будни
lobsterclaw,4,10,Утро,False,28,0.026341,Пятница,Будни
lobsterclaw,4,11,Утро,False,20,0.018815,Пятница,Будни
lobsterclaw,4,12,День,False,0,0.0,Пятница,Будни
lobsterclaw,4,13,День,False,9,0.008467,Пятница,Будни
lobsterclaw,4,14,День,False,23,0.021637,Пятница,Будни
lobsterclaw,4,15,День,False,1,0.000941,Пятница,Будни
lobsterclaw,4,16,День,False,13,0.01223,Пятница,Будни
lobsterclaw,4,17,День,False,28,0.026341,Пятница,Будни
lobsterclaw,4,18,Вечер,False,11,0.010348,Пятница,Будни
lobsterclaw,4,19,Вечер,False,0,0.0,Пятница,Будни
lobsterclaw,4,20,Вечер,False,17,0.015992,Пятница,Будни
lobsterclaw,4,21,Вечер,False,18,0.016933,Пятница,Будни
lobsterclaw,4,22,Вечер,False,9,0.008467,Пятница,Будни
lobsterclaw,4,23,Вечер,False,8,0.007526,Пятница,Будни
lobsterclaw,5,0,Ночь,True,10,0.009407,Суббота,Выходные
lobsterclaw,5,1,Ночь,True,18,0.016933,Суббота,Выходные
lobsterclaw,5,2,Ночь,True,25,0.023518,Суббота,Выходные
lobsterclaw,5,3,Ночь,True,10,0.009407,Суббота,Выходные
lobsterclaw,5,4,Ночь,True,13,0.01223,Суббота,Выходные
lobsterclaw,5,5,Ночь,True,7,0.006585,Суббота,Выходные
lobsterclaw,5,6,Утро,True,0,0.0,Суббота,Выходные
lobsterclaw,5,7,Утро,True,1,0.000941,Суббота,Выходные
lobsterclaw,5,8,Утро,True,0,0.0,Суббота,Выходные
lobsterclaw,5,9,Утро,True,7,0.006585,Суббота,Выходные
lobsterclaw,5,10,Утро,True,10,0.009407,Суббота,Выходные
lobsterclaw,5,11,Утро,True,8,0.007526,Суббота,Выходные
lobsterclaw,5,12,День,True,3,0.002822,Суббота,Выходные
lobsterclaw,5,13,День,True,24,0.022578,Суббота,Выходные
lobsterclaw,5,14,День,True,3,0.002822,Суббота,Выходные
lobsterclaw,5,15,День,True,27,0.0254,Суббота,Выходные
lobsterclaw,5,16,День,True,24,0.022578,Суббота,Выходные
lobsterclaw,5,17,День,True,19,0.017874,Суббота,Выходные
lobsterclaw,5,18,Вечер,True,20,0.018815,Суббота,Выходные
lobsterclaw,5,19,Вечер,True,21,0.019755,Суббота,Выходные
lobsterclaw,5,20,Вечер,True,19,0.017874,Суббота,Выходные
lobsterclaw,5,21,Вечер,True,5,0.004704,Суббота,Выходные
lobsterclaw,5,22,Вечер,True,9,0.008467,Суббота,Выходные
lobsterclaw,5,23,Вечер,True,1,0.000941,Суббота,Выходные
lobsterclaw,6,0,Ночь,True,0,0.0,Воскресенье,Выходные
lobsterclaw,6,1,Ночь,True,0,0.0,Воскресенье,Выходные
lobsterclaw,6,2,Ночь,True,0,0.0,Воскресенье,Выходные
lobsterclaw,6,3,Ночь,True,0,0.0,Воскресенье,Выходные
lobsterclaw,6,4,Ночь,True,0,0.0,Воскресенье,Выходные
lobsterclaw,6,5,Ночь,True,0,0.0,Воскресенье,Выходные
lobsterclaw,6,6,Утро,True,0,0.0,Воскресенье,Выходные
lobsterclaw,6,7,Утро,True,0,0.0,Воскресенье,Выходные
lobsterclaw,6,8,Утро,True,7,0.006585,Воскресенье,Выходные
lobsterclaw,6,9,Утро,True,7,0.006585,Воскресенье,Выходные
lobsterclaw,6,10,Утро,True,5,0.004704,Воскресенье,Выходные
lobsterclaw,6,11,Утро,True,16,0.015052,Воскресенье,Выходные
lobsterclaw,6,12,День,True,48,0.045155,Воскресенье,Выходные
lobsterclaw,6,13,День,True,20,0.018815,Воскресенье,Выходные
lobsterclaw,6,14,День,True,14,0.01317,Воскресенье,Выходные
lobsterclaw,6,15,День,True,6,0.005644,Воскресенье,Выходные
lobsterclaw,6,16,День,True,14,0.01317,Воскресенье,Выходные
lobsterclaw,6,17,День,True,4,0.003763,Воскресенье,Выходные
lobsterclaw,6,18,Вечер,True,22,0.020696,Воскресенье,Выходные
lobsterclaw,6,19,Вечер,True,8,0.007526,Воскресенье,Выходные
lobsterclaw,6,20,Вечер,True,12,0.011289,Воскресенье,Выходные
lobsterclaw,6,21,Вечер,True,14,0.01317,Воскресенье,Выходные
lobsterclaw,6,22,Вечер,True,19,0.017874,Воскресенье,Выходные
lobsterclaw,6,23,Вечер,True,35,0.032926,Воскресенье,Выходные
massdosage,0,0,Ночь,False,5,0.000263,Понедельник,Будни
massdosage,0,1,Ночь,False,13,0.000684,Понедельник,Будни
massdosage,0,2,Ночь,False,13,0.000684,Понедельник,Будни
massdosage,0,3,Ночь,False,19,0.000999,Понедельник,Будни
massdosage,0,4,Ночь,False,0,0.0,Понедельник,Будни
massdosage,0,5,Ночь,False,1,5.3e-05,Понедельник,Будни
massdosage,0,6,Утро,False,10,0.000526,Понедельник,Будни
massdosage,0,7,Утро,False,13,0.000684,Понедельник,Будни
massdosage,0,8,Утро,False,21,0.001104,Понедельник,Будни
massdosage,0,9,Утро,False,27,0.00142,Понедельник,Будни
massdosage,0,10,Утро,False,36,0.001893,Понедельник,Будни
massdosage,0,11,Утро,False,60,0.003155,Понедельник,Будни
massdosage,0,12,День,False,25,0.001315,Понедельник,Будни
massdosage,0,13,День,False,24,0.001262,Понедельник,Будни
massdosage,0,14,День,False,28,0.001473,Понедельник,Будни
massdosage,0,15,День,False,67,0.003524,Понедельник,Будни
massdosage,0,16,День,False,67,0.003524,Понедельник,Будни
massdosage,0,17,День,False,38,0.001998,Понедельник,Будни
massdosage,0,18,Вечер,False,27,0.00142,Понедельник,Будни
massdosage,0,19,Вечер,False,46,0.002419,Понедельник,Будни
massdosage,0,20,Вечер,False,58,0.00305,Понедельник,Будни
massdosage,0,21,Вечер,False,31,0.00163,Понедельник,Будни
massdosage,0,22,Вечер,False,18,0.000947,Понедельник,Будни
massdosage,0,23,Вечер,False,16,0.000841,Понедельник,Будни
massdosage,1,0,Ночь,False,21,0.001104,Вторник,Будни
massdosage,1,1,Ночь,False,10,0.000526,Вторник,Будни
massdosage,1,2,Ночь,False,22,0.001157,Вторник,Будни
massdosage,1,3,Ночь,False,37,0.001946,Вторник,Будни
massdosage,1,4,Ночь,False,25,0.001315,Вторник,Будни
massdosage,1,5,Ночь,False,6,0.000316,Вторник,Будни
massdosage,1,6,Утро,False,7,0.000368,Вторник,Будни
massdosage,1,7,Утро,False,13,0.000684,Вторник,Будни
massdosage,1,8,Утро,False,33,0.001735,Вторник,Будни
massdosage,1,9,Утро,False,31,0.00163,Вторник,Будни
massdosage,1,10,Утро,False,36,0.001893,Вторник,Будни
massdosage,1,11,Утро,False,58,0.00305,Вторник,Будни
massdosage,1,12,День,False,68,0.003576,Вторник,Будни
massdosage,1,13,День,False,50,0.00263,Вторник,Будни
massdosage,1,14,День,False,77,0.004049,Вторник,Будни
massdosage,1,15,День,False,55,0.002892,Вторник,Будни
massdosage,1,16,День,False,86,0.004523,Вторник,Будни
massdosage,1,17,День,False,38,0.001998,Вторник,Будни
massdosage,1,18,Вечер,False,52,0.002735,Вторник,Будни
massdosage,1,19,Вечер,False,16,0.000841,Вторник,Будни
massdosage,1,20,Вечер,False,25,0.001315,Вторник,Будни
massdosage,1,21,Вечер,False,36,0.001893,Вторник,Будни
massdosage,1,22,Вечер,False,35,0.001841,Вторник,Будни
massdosage,1,23,Вечер,False,35,0.001841,Вторник,Будни
massdosage,2,0,Ночь,False,23,0.00121,Среда,Будни
massdosage,2,1,Ночь,False,29,0.001525,Среда,Будни
massdosage,2,2,Ночь,False,31,0.00163,Среда,Будни
massdosage,2,3,Ночь,False,41,0.002156,Среда,Будни
massdosage,2,4,Ночь,False,46,0.002419,Среда,Будни
massdosage,2,5,Ночь,False,38,0.001998,Среда,Будни
massdosage,2,6,Утро,False,10,0.000526,Среда,Будни
massdosage,2,7,Утро,False,23,0.00121,Среда,Будни
massdosage,2,8,Утро,False,18,0.000947,Среда,Будни
massdosage,2,9,Утро,False,36,0.001893,Среда,Будни
massdosage,2,10,Утро,False,51,0.002682,Среда,Будни
massdosage,2,11,Утро,False,87,0.004575,Среда,Будни
massdosage,2,12,День,False,77,0.004049,Среда,Будни
massdosage,2,13,День,False,70,0.003681,Среда,Будни
massdosage,2,14,День,False,48,0.002524,Среда,Будни
massdosage,2,15,День,False,80,0.004207,Среда,Будни
massdosage,2,16,День,False,83,0.004365,Среда,Будни
massdosage,2,17,День,False,62,0.003261,Среда,Будни
massdosage,2,18,Вечер,False,62,0.003261,Среда,Будни
massdosage,2,19,Вечер,False,53,0.002787,Среда,Будни
massdosage,2,20,Вечер,False,43,0.002261,Среда,Будни
massdosage,2,21,Вечер,False,49,0.002577,Среда,Будни
massdosage,2,22,Вечер,False,46,0.002419,Среда,Будни
massdosage,2,23,Вечер,False,56,0.002945,Среда,Будни
massdosage,3,0,Ночь,False,36,0.001893,Четверг,Будни
massdosage,3,1,Ночь,False,19,0.000999,Четверг,Будни
massdosage,3,2,Ночь,False,2,0.000105,Четверг,Будни
massdosage,3,3,Ночь,False,8,0.000421,Четверг,Будни
massdosage,3,4,Ночь,False,14,0.000736,Четверг,Будни
massdosage,3,5,Ночь,False,17,0.000894,Четверг,Будни
massdosage,3,6,Утро,False,12,0.000631,Четверг,Будни
massdosage,3,7,Утро,False,31,0.00163,Четверг,Будни
massdosage,3,8,Утро,False,68,0.003576,Четверг,Будни
massdosage,3,9,Утро,False,13,0.000684,Четверг,Будни
massdosage,3,10,Утро,False,34,0.001788,Четверг,Будни
massdosage,3,11,Утро,False,49,0.002577,Четверг,Будни
massdosage,3,12,День,False,38,0.001998,Четверг,Будни
massdosage,3,13,День,False,118,0.006206,Четверг,Будни
massdosage,3,14,День,False,131,0.006889,Четверг,Будни
massdosage,3,15,День,False,97,0.005101,Четверг,Будни
massdosage,3,16,День,False,90,0.004733,Четверг,Будни
massdosage,3,17,День,False,72,0.003786,Четверг,Будни
massdosage,3,18,Вечер,False,88,0.004628,Четверг,Будни
massdosage,3,19,Вечер,False,70,0.003681,Четверг,Будни
massdosage,3,20,Вечер,False,99,0.005206,Четверг,Будни
massdosage,3,21,Вечер,False,58,0.00305,Четверг,Будни
massdosage,3,22,Вечер,False,98,0.005154,Четверг,Будни
massdosage,3,23,Вечер,False,57,0.002998,Четверг,Будни
massdosage,4,0,Ночь,False,88,0.004628,Пятница,Будни
massdosage,4,1,Ночь,False,55,0.002892,Пятница,Будни
massdosage,4,2,Ночь,False,74,0.003892,Пятница,Будни
massdosage,4,3,Ночь,False,38,0.001998,Пятница,Будни
massdosage,4,4,Ночь,False,16,0.000841,Пятница,Будни
massdosage,4,5,Ночь,False,22,0.001157,Пятница,Будни
massdosage,4,6,Утро,False,65,0.003418,Пятница,Будни
massdosage,4,7,Утро,False,36,0.001893,Пятница,Будни
massdosage,4,8,Утро,False,47,0.002472,Пятница,Будни
massdosage,4,9,Утро,False,58,0.00305,Пятница,Будни
massdosage,4,10,Утро,False,126,0.006626,Пятница,Будни
massdosage,4,11,Утро,False,84,0.004418,Пятница,Будни
massdosage,4,12,День,False,105,0.005522,Пятница,Будни
massdosage,4,13,День,False,185,0.009729,Пятница,Будни
massdosage,4,14,День,False,225,0.011833,Пятница,Будни
massdosage,4,15,День,False,275,0.014462,Пятница,Будни
massdosage,4,16,День,False,236,0.012411,Пятница,Будни
massdosage,4,17,День,False,236,0.012411,Пятница,Будни
massdosage,4,18,Вечер,False,163,0.008572,Пятница,Будни
massdosage,4,19,Вечер,False,198,0.010413,Пятница,Будни
massdosage,4,20,Вечер,False,172,0.009045,Пятница,Будни
massdosage,4,21,Вечер,False,191,0.010045,Пятница,Будни
massdosage,4,22,Вечер,False,187,0.009834,Пятница,Будни
massdosage,4,23,Вечер,False,205,0.010781,Пятница,Будни
massdosage,5,0,Ночь,True,187,0.009834,Суббота,Выходные
massdosage,5,1,Ночь,True,123,0.006469,Суббота,Выходные
massdosage,5,2,Ночь,True,119,0.006258,Суббота,Выходные
massdosage,5,3,Ночь,True,89,0.004681,Суббота,Выходные
massdosage,5,4,Ночь,True,87,0.004575,Суббота,Выходные
massdosage,5,5,Ночь,True,34,0.001788,Суббота,Выходные
massdosage,5,6,Утро,True,48,0.002524,Суббота,Выходные
massdosage,5,7,Утро,True,54,0.00284,Суббота,Выходные
massdosage,5,8,Утро,True,85,0.00447,Суббота,Выходные
massdosage,5,9,Утро,True,115,0.006048,Суббота,Выходные
massdosage,5,10,Утро,True,191,0.010045,Суббота,Выходные
massdosage,5,11,Утро,True,226,0.011885,Суббота,Выходные
massdosage,5,12,День,True,146,0.007678,Суббота,Выходные
massdosage,5,13,День,True,133,0.006994,Суббота,Выходные
massdosage,5,14,День,True,200,0.010518,Суббота,Выходные
massdosage,5,15,День,True,207,0.010886,Суббота,Выходные
massdosage,5,16,День,True,212,0.011149,Суббота,Выходные
massdosage,5,17,День,True,270,0.014199,Суббота,Выходные
massdosage,5,18,Вечер,True,314,0.016513,Суббота,Выходные
massdosage,5,19,Вечер,True,261,0.013726,Суббота,Выходные
massdosage,5,20,Вечер,True,312,0.016408,Суббота,Выходные
massdosage,5,21,Вечер,True,275,0.014462,Суббота,Выходные
massdosage,5,22,Вечер,True,246,0.012937,Суббота,Выходные
massdosage,5,23,Вечер,True,154,0.008099,Суббота,Выходные
massdosage,6,0,Ночь,True,109,0.005732,Воскресенье,Выходные
massdosage,6,1,Ночь,True,115,0.006048,Воскресенье,Выходные
massdosage,6,2,Ночь,True,100,0.005259,Воскресенье,Выходные
massdosage,6,3,Ночь,True,158,0.008309,Воскресенье,Выходные
massdosage,6,4,Ночь,True,111,0.005837,Воскресенье,Выходные
massdosage,6,5,Ночь,True,111,0.005837,Воскресенье,Выходные
massdosage,6,6,Утро,True,90,0.004733,Воскресенье,Выходные
massdosage,6,7,Утро,True,59,0.003103,Воскресенье,Выходные
massdosage,6,8,Утро,True,146,0.007678,Воскресенье,Выходные
massdosage,6,9,Утро,True,220,0.01157,Воскресенье,Выходные
massdosage,6,10,Утро,True,253,0.013305,Воскресенье,Выходные
massdosage,6,11,Утро,True,393,0.020668,Воскресенье,Выходные
massdosage,6,12,День,True,396,0.020826,Воскресенье,Выходные
massdosage,6,13,День,True,366,0.019248,Воскресенье,Выходные
massdosage,6,14,День,True,359,0.01888,Воскресенье,Выходные
massdosage,6,15,День,True,483,0.025401,Воскресенье,Выходные
massdosage,6,16,День,True,528,0.027768,Воскресенье,Выходные
massdosage,6,17,День,True,545,0.028662,Воскресенье,Выходные
massdosage,6,18,Вечер,True,605,0.031817,Воскресенье,Выходные
massdosage,6,19,Вечер,True,512,0.026926,Воскресенье,Выходные
massdosage,6,20,Вечер,True,568,0.029871,Воскресенье,Выходные
massdosage,6,21,Вечер,True,652,0.034289,Воскресенье,Выходные
massdosage,6,22,Вечер,True,528,0.027768,Воскресенье,Выходные
massdosage,6,23,Вечер,True,417,0.02193,Воскресенье,Выходные
mremond,0,0,Ночь,False,0,0.0,Понедельник,Будни
mremond,0,1,Ночь,False,0,0.0,Понедельник,Будни
mremond,0,2,Ночь,False,0,0.0,Понедельник,Будни
mremond,0,3,Ночь,False,0,0.0,Понедельник,Будни
mremond,0,4,Ночь,False,0,0.0,Понедельник,Будни
mremond,0,5,Ночь,False,0,0.0,Понедельник,Будни
mremond,0,6,Утро,False,0,0.0,Понедельник,Будни
mremond,0,7,Утро,False,0,0.0,Понедельник,Будни
mremond,0,8,Утро,False,0,0.0,Понедельник,Будни
mremond,0,9,Утро,False,0,0.0,Понедельник,Будни
mremond,0,10,Утро,False,10,0.006887,Понедельник,Будни
mremond,0,11,Утро,False,20,0.013774,Понедельник,Будни
mremond,0,12,День,False,2,0.001377,Понедельник,Будни
mremond,0,13,День,False,1,0.000689,Понедельник,Будни
mremond,0,14,День,False,8,0.00551,Понедельник,Будни
mremond,0,15,День,False,0,0.0,Понедельник,Будни
mremond,0,16,День,False,1,0.000689,Понедельник,Будни
mremond,0,17,День,False,0,0.0,Понедельник,Будни
mremond,0,18,Вечер,False,0,0.0,Понедельник,Будни
mremond,0,19,Вечер,False,0,0.0,Понедельник,Будни
mremond,0,20,Вечер,False,0,0.0,Понедельник,Будни
mremond,0,21,Вечер,False,0,0.0,Понедельник,Будни
mremond,0,22,Вечер,False,0,0.0,Понедельник,Будни
mremond,0,23,Вечер,False,4,0.002755,Понедельник,Будни
mremond,1,0,Ночь,False,13,0.008953,Вторник,Будни
mremond,1,1,Ночь,False,0,0.0,Вторник,Будни
mremond,1,2,Ночь,False,0,0.0,Вторник,Будни
mremond,1,3,Ночь,False,0,0.0,Вторник,Будни
mremond,1,4,Ночь,False,0,0.0,Вторник,Будни
mremond,1,5,Ночь,False,0,0.0,Вторник,Будни
mremond,1,6,Утро,False,14,0.009642,Вторник,Будни
mremond,1,7,Утро,False,6,0.004132,Вторник,Будни
mremond,1,8,Утро,False,4,0.002755,Вторник,Будни
mremond,1,9,Утро,False,3,0.002066,Вторник,Будни
mremond,1,10,Утро,False,7,0.004821,Вторник,Будни
mremond,1,11,Утро,False,0,0.0,Вторник,Будни
mremond,1,12,День,False,0,0.0,Вторник,Будни
mremond,1,13,День,False,0,0.0,Вторник,Будни
mremond,1,14,День,False,0,0.0,Вторник,Будни
mremond,1,15,День,False,0,0.0,Вторник,Будни
mremond,1,16,День,False,0,0.0,Вторник,Будни
mremond,1,17,День,False,3,0.002066,Вторник,Будни
mremond,1,18,Вечер,False,24,0.016529,Вторник,Будни
mremond,1,19,Вечер,False,3,0.002066,Вторник,Будни
mremond,1,20,Вечер,False,0,0.0,Вторник,Будни
mremond,1,21,Вечер,False,0,0.0,Вторник,Будни
mremond,1,22,Вечер,False,0,0.0,Вторник,Будни
mremond,1,23,Вечер,False,5,0.003444,Вторник,Будни
mremond,2,0,Ночь,False,11,0.007576,Среда,Будни
mremond,2,1,Ночь,False,0,0.0,Среда,Будни
mremond,2,2,Ночь,False,11,0.007576,Среда,Будни
mremond,2,3,Ночь,False,0,0.0,Среда,Будни
mremond,2,4,Ночь,False,1,0.000689,Среда,Будни
mremond,2,5,Ночь,False,0,0.0,Среда,Будни
mremond,2,6,Утро,False,10,0.006887,Среда,Будни
mremond,2,7,Утро,False,0,0.0,Среда,Будни
mremond,2,8,Утро,False,0,0.0,Среда,Будни
mremond,2,9,Утро,False,0,0.0,Среда,Будни
mremond,2,10,Утро,False,0,0.0,Среда,Будни
mremond,2,11,Утро,False,0,0.0,Среда,Будни
mremond,2,12,День,False,0,0.0,Среда,Будни
mremond,2,13,День,False,3,0.002066,Среда,Будни
mremond,2,14,День,False,4,0.002755,Среда,Будни
mremond,2,15,День,False,16,0.011019,Среда,Будни
mremond,2,16,День,False,2,0.001377,Среда,Будни
mremond,2,17,День,False,6,0.004132,Среда,Будни
mremond,2,18,Вечер,False,4,0.002755,Среда,Будни
mremond,2,19,Вечер,False,3,0.002066,Среда,Будни
mremond,2,20,Вечер,False,4,0.002755,Среда,Будни
mremond,2,21,Вечер,False,0,0.0,Среда,Будни
mremond,2,22,Вечер,False,2,0.001377,Среда,Будни
mremond,2,23,Вечер,False,0,0.0,Среда,Будни
mremond,3,0,Ночь,False,0,0.0,Четверг,Будни
mremond,3,1,Ночь,False,0,0.0,Четверг,Будни
mremond,3,2,Ночь,False,0,0.0,Четверг,Будни
mremond,3,3,Ночь,False,0,0.0,Четверг,Будни
mremond,3,4,Ночь,False,0,0.0,Четверг,Будни
mremond,3,5,Ночь,False,0,0.0,Четверг,Будни
mremond,3,6,Утро,False,0,0.0,Четверг,Будни
mremond,3,7,Утро,False,0,0.0,Четверг,Будни
mremond,3,8,Утро,False,0,0.0,Четверг,Будни
mremond,3,9,Утро,False,0,0.0,Четверг,Будни
mremond,3,10,Утро,False,15,0.010331,Четверг,Будни
mremond,3,11,Утро,False,5,0.003444,Четверг,Будни
mremond,3,12,День,False,0,0.0,Четверг,Будни
mremond,3,13,День,False,10,0.006887,Четверг,Будни
mremond,3,14,День,False,15,0.010331,Четверг,Будни
mremond,3,15,День,False,5,0.003444,Четверг,Будни
mremond,3,16,День,False,24,0.016529,Четверг,Будни
mremond,3,17,День,False,9,0.006198,Четверг,Будни
mremond,3,18,Вечер,False,4,0.002755,Четверг,Будни
mremond,3,19,Вечер,False,0,0.0,Четверг,Будни
mremond,3,20,Вечер,False,0,0.0,Четверг,Будни
mremond,3,21,Вечер,False,2,0.001377,Четверг,Будни
mremond,3,22,Вечер,False,7,0.004821,Четверг,Будни
mremond,3,23,Вечер,False,2,0.001377,Четверг,Будни
mremond,4,0,Ночь,False,0,0.0,Пятница,Будни
mremond,4,1,Ночь,False,0,0.0,Пятница,Будни
mremond,4,2,Ночь,False,0,0.0,Пятница,Будни
mremond,4,3,Ночь,False,0,0.0,Пятница,Будни
mremond,4,4,Ночь,False,0,0.0,Пятница,Будни
mremond,4,5,Ночь,False,0,0.0,Пятница,Будни
mremond,4,6,Утро,False,15,0.010331,Пятница,Будни
mremond,4,7,Утро,False,20,0.013774,Пятница,Будни
mremond,4,8,Утро,False,3,0.002066,Пятница,Будни
mremond,4,9,Утро,False,11,0.007576,Пятница,Будни
mremond,4,10,Утро,False,30,0.020661,Пятница,Будни
mremond,4,11,Утро,False,26,0.017906,Пятница,Будни
mremond,4,12,День,False,1,0.000689,Пятница,Будни
mremond,4,13,День,False,9,0.006198,Пятница,Будни
mremond,4,14,День,False,23,0.01584,Пятница,Будни
mremond,4,15,День,False,1,0.000689,Пятница,Будни
mremond,4,16,День,False,13,0.008953,Пятница,Будни
mremond,4,17,День,False,28,0.019284,Пятница,Будни
mremond,4,18,Вечер,False,11,0.007576,Пятница,Будни
mremond,4,19,Вечер,False,0,0.0,Пятница,Будни
mremond,4,20,Вечер,False,17,0.011708,Пятница,Будни
mremond,4,21,Вечер,False,18,0.012397,Пятница,Будни
mremond,4,22,Вечер,False,9,0.006198,Пятница,Будни
mremond,4,23,Вечер,False,15,0.010331,Пятница,Будни
mremond,5,0,Ночь,True,10,0.006887,Суббота,Выходные
mremond,5,1,Ночь,True,18,0.012397,Суббота,Выходные
mremond,5,2,Ночь,True,25,0.017218,Суббота,Выходные
mremond,5,3,Ночь,True,10,0.006887,Суббота,Выходные
mremond,5,4,Ночь,True,13,0.008953,Суббота,Выходные
mremond,5,5,Ночь,True,7,0.004821,Суббота,Выходные
mremond,5,6,Утро,True,0,0.0,Суббота,Выходные
mremond,5,7,Утро,True,1,0.000689,Суббота,Выходные
mremond,5,8,Утро,True,0,0.0,Суббота,Выходные
mremond,5,9,Утро,True,7,0.004821,Суббота,Выходные
mremond,5,10,Утро,True,11,0.007576,Суббота,Выходные
mremond,5,11,Утро,True,19,0.013085,Суббота,Выходные
mremond,5,12,День,True,10,0.006887,Суббота,Выходные
mremond,5,13,День,True,24,0.016529,Суббота,Выходные
mremond,5,14,День,True,3,0.002066,Суббота,Выходные
mremond,5,15,День,True,27,0.018595,Суббота,Выходные
mremond,5,16,День,True,24,0.016529,Суббота,Выходные
mremond,5,17,День,True,19,0.013085,Суббота,Выходные
mremond,5,18,Вечер,True,20,0.013774,Суббота,Выходные
mremond,5,19,Вечер,True,32,0.022039,Суббота,Выходные
mremond,5,20,Вечер,True,34,0.023416,Суббота,Выходные
mremond,5,21,Вечер,True,20,0.013774,Суббота,Выходные
mremond,5,22,Вечер,True,20,0.013774,Суббота,Выходные
mremond,5,23,Вечер,True,12,0.008264,Суббота,Выходные
mremond,6,0,Ночь,True,0,0.0,Воскресенье,Выходные
mremond,6,1,Ночь,True,10,0.006887,Воскресенье,Выходные
mremond,6,2,Ночь,True,14,0.009642,Воскресенье,Выходные
mremond,6,3,Ночь,True,15,0.010331,Воскресенье,Выходные
mremond,6,4,Ночь,True,7,0.004821,Воскресенье,Выходные
mremond,6,5,Ночь,True,0,0.0,Воскресенье,Выходные
mremond,6,6,Утро,True,0,0.0,Воскресенье,Выходные
mremond,6,7,Утро,True,0,0.0,Воскресенье,Выходные
mremond,6,8,Утро,True,19,0.013085,Воскресенье,Выходные
mremond,6,9,Утро,True,30,0.020661,Воскресенье,Выходные
mremond,6,10,Утро,True,18,0.012397,Воскресенье,Выходные
mremond,6,11,Утро,True,33,0.022727,Воскресенье,Выходные
mremond,6,12,День,True,67,0.046143,Воскресенье,Выходные
mremond,6,13,День,True,25,0.017218,Воскресенье,Выходные
mremond,6,14,День,True,30,0.020661,Воскресенье,Выходные
mremond,6,15,День,True,44,0.030303,Воскресенье,Выходные
mremond,6,16,День,True,61,0.042011,Воскресенье,Выходные
mremond,6,17,День,True,14,0.009642,Воскресенье,Выходные
mremond,6,18,Вечер,True,30,0.020661,Воскресенье,Выходные
mremond,6,19,Вечер,True,18,0.012397,Воскресенье,Выходные
mremond,6,20,Вечер,True,13,0.008953,Воскресенье,Выходные
mremond,6,21,Вечер,True,31,0.02135,Воскресенье,Выходные
mremond,6,22,Вечер,True,19,0.013085,Воскресенье,Выходные
mremond,6,23,Вечер,True,35,0.024105,Воскресенье,Выходные
